symbol,coefficient
OLFM1,1.1845325812794396
SNORD13,0.9117758201924779
VEZT,0.7578169047742089
FBXW7,0.7467735224810974
SFRP4,0.7046516000019355
LZIC,0.7008880340015025
HYAL1,0.6853624299646187
THSD7B,0.6618839853368564
FGF9,0.6599084081441027
CROT,0.6546940935218097
RELN,0.6285768584109602
KCTD20,0.6234607610562101
ZNF704,0.5760301286113912
INMT,0.5353391681572888
PTPRB,0.49081154271421706
ZDHHC15,0.48927415911411376
SORBS1,0.48227187362473467
CHCHD1,0.4821255568982051
ACOX1,0.46600366261869924
NSF,0.4623863283947463
HSPB8,0.443774625262276
ESR1,0.4181026883648801
ATP6V1E1,0.41008723784429435
ALOX5AP,0.4072324466195998
CDH10,0.4036550060583509
DNAJC1,0.3923981670412704
ZCCHC9,0.3768980401324601
PTGIS,0.37470762039780364
LACTB,0.37312777156399024
HPS5,0.3634211231060516
ABCC9,0.3558210753885924
ENPEP,0.3527574104500527
PDE1A,0.3483336246257661
RUNX3,0.3452676776743325
NPR3,0.3437107356747071
UBE4B,0.33879083164574353
RUFY1,0.33442048643995376
STAT4,0.32989785102862523
UBE4A,0.3293061246552758
RAD1,0.32514448711975336
UROS,0.32320712558835113
TGFBR2,0.32212907698207394
COL23A1,0.31581720346928976
UCP2,0.31479539225573705
KCNJ8,0.31347655883652265
TM7SF2,0.30482798809518963
GPX3,0.30128631442262505
SSX2IP,0.28891215335333675
NR3C2,0.2855763116240966
NT5E,0.283270388945016
TOR1AIP1,0.2739554373303714
PHACTR2,0.2711563419612049
RBPMS,0.2653328018578224
CLDN23,0.2556918285387706
GLRX,0.25083149706099706
C12orf56,0.24980221998094973
MTIF2,0.2452122226327477
COL6A1,0.23991586316364852
CDH5,0.23956277212805438
FOSL2,0.23615449925218698
ANTXR2,0.23610658968180182
LGMN,0.22734432385656744
ELL,0.21413013034730552
PRRX1,0.21347411918956494
COL7A1,0.2124056263565209
YME1L1,0.21099662690111284
ADCY1,0.20760063642317314
TPK1,0.2075854497875199
SDK2,0.20614952282844212
PLXDC2,0.19890492278392652
DDX10,0.19661406767725806
VWF,0.19484600998719506
LRRC15,0.19482187641587898
NAT1,0.19145066398834099
ADAMTSL3,0.18976386700109038
BRD3,0.18690100818280422
CHN2,0.1855086133674138
ADORA2B,0.18430183928001168
SLC6A17,0.18385265260980957
TMTC4,0.18382427901193843
IGFBP5,0.17927247603143862
ITPRIPL2,0.17705133590991515
KCNH8,0.1710811600406926
GEM,0.1692663038437542
TRIM16,0.16632630736096635
DAD1,0.16386223377147366
CDKL1,0.1630918276478215
SOCS2,0.16297179795471992
PCOLCE2,0.159574974738761
SPA17,0.15661708642269334
WNT11,0.1558156437588009
ENPP1,0.146344235913424
PELO,0.14448216359628158
CTSC,0.140622382656821
LMO3,0.13816222117732513
CDH23,0.13574364277066844
COBLL1,0.13494753831680487
CDH6,0.1320276105318796
HTR2A,0.13136934517055995
ROS1,0.1303046770542317
PLA2G4B,0.12904854548743194
UAP1,0.12232743055033485
LRRC8B,0.11639750019422451
CEBPG,0.11481321300523208
TLR3,0.11422885340418988
CADPS,0.1140290862503797
CAP2,0.11259210727177033
USP9X,0.1125899376075404
PIGB,0.11161636482585474
FAM107B,0.10246810137662712
PMAIP1,0.09902277208379882
SLC9A8,0.09895274818493151
XPR1,0.09829893850963622
TXNDC11,0.09646879633321255
APBB1IP,0.09625037400442013
CHKA,0.09438890944934203
ASCC3,0.08961566062403313
SLC19A1,0.08946654328403267
ST6GAL1,0.08883763222682081
FCRLA,0.08863544221491214
PDZD8,0.08524033909713996
KBTBD6,0.08246179022714202
RDH10,0.08218902576482585
NMNAT2,0.07769475636666923
PLD3,0.07550078669391855
VEGFC,0.07441976951615227
LPIN1,0.07337762054703693
GNPTAB,0.07289846821037844
TSPAN14,0.07238320716301856
PHLDA1,0.07232239869767637
IWS1,0.07178852552684126
KLHL36,0.07141651099981645
HTRA3,0.06592375025793247
TGIF1,0.06535403693502867
SEC23IP,0.06225839610846559
SOCS3,0.0618450553797102
FBXL17,0.06151399354555649
ITGA1,0.0608324830479981
COL18A1,0.060511231632063914
EFNB1,0.056945438602640716
GPC4,0.05066574695914034
SNTB2,0.050092984431507115
STIM2,0.048682562124299694
TEK,0.048198834376613583
LCAT,0.04805207734454211
SMAD4,0.046899608955409906
ITM2C,0.045991943245103695
ARCN1,0.04332243358519952
MYH3,0.04312008224638666
IRS1,0.042839004396570825
MED28,0.0424882538324785
ZFHX4,0.04182400266166206
PLS3,0.04165063762957476
DPY19L2,0.04124291307642517
ATP6V0E1,0.039189187940162566
MARCKSL1,0.03285534964165308
SCD,0.029818108510087895
PARP1,0.02897935365137686
PODXL,0.024714671351676917
ABHD5,0.01663735950412667
ADAM33,0.015545096025767046
SLC25A29,0.014921312633037717
EPHB3,0.013388131757818634
SNX24,0.013288855815578012
SP110,0.0131892517834226
APCDD1,0.01147850256822224
COQ10B,0.007834755236758965
CNNM4,0.005505756402797694
AP3M1,0.0009208359289875102
VASH1,0.0005466733080243782
PKIG,-0.0010269438634629994
ZFP36L1,-0.0011821548856013125
PEX11A,-0.0033591023254948807
PRKD1,-0.004056367946662444
VAMP7,-0.004266333118868046
RING1,-0.006050259056798544
ZNF550,-0.006358515920984973
ZNF333,-0.007068169506283815
DNM1L,-0.009418675031137302
SPIRE2,-0.011624059055860886
PSAT1,-0.012787500467833737
SGCG,-0.013900040631145501
SOCS1,-0.015070416324082741
TBK1,-0.019346584440521827
RNASE4,-0.01990894005107908
KLHL2,-0.0209232869694539
GRK5,-0.02178782517929926
ASTE1,-0.021969169409702023
ARL2BP,-0.023461413613765122
ZBTB43,-0.025991963268492846
COL14A1,-0.02745599836486949
CPAMD8,-0.028957490542610414
IRAK4,-0.03041852283476357
NPTX2,-0.030551949603372864
MRPL3,-0.03202810012041635
MAP3K14,-0.03471210627471143
MCCC2,-0.03615095778837055
VANGL2,-0.03633758238279038
SET,-0.03925603010221375
GPR143,-0.03940406578436413
PRKCQ,-0.04356556629368285
ANGPTL1,-0.04496989138870868
TAF2,-0.04750896095012622
CLDN15,-0.049350367407034884
STBD1,-0.05009354736251978
ARHGAP25,-0.052825376970843496
EFNB2,-0.053085937852554596
SMOX,-0.054374924787562354
RAI1,-0.05477075064443417
RAB7A,-0.05755765922084003
IDE,-0.05919188707050446
OSBPL8,-0.06254730553909085
WDR91,-0.06351748222916086
BSDC1,-0.06370011090374471
SNORD21,-0.06447760256924714
RIPK4,-0.06818221027977596
AMDHD1,-0.06957868668889644
KDELR2,-0.07073408892451338
COL4A5,-0.07514967008160615
STK33,-0.07710846726897301
ZIK1,-0.07763968996929653
SLC39A10,-0.07874098602248894
TM2D2,-0.08077200933750632
MED24,-0.08134997324551502
GFOD1,-0.08501849023324681
SNX15,-0.08577065072063442
AMY2B,-0.08588761081056476
TGFBR3,-0.08839415293586116
FILIP1,-0.09047423856378319
NFX1,-0.092119279685552
ZNF549,-0.09575376206261546
ELL2,-0.09780957060956921
SLC29A2,-0.09850338410818765
UBE2G1,-0.10046317558761077
ZNF667,-0.1099536554861267
MYCN,-0.11104002989064977
CREBZF,-0.11299946417687369
TMEM213,-0.11561974628267575
SEC24D,-0.11820494197186263
C17orf58,-0.12064316220859561
PLLP,-0.12360757412903192
PLAG1,-0.12570482311716008
SF3A2,-0.12864971270309106
BRD1,-0.13336623557304428
WDR27,-0.13461954787666647
STX12,-0.1352145752443815
JAK1,-0.13890435471445248
ITIH4,-0.1402840100022193
CAPRIN2,-0.14064436380965645
C1orf159,-0.14324739681492488
ZNF692,-0.1441104790188607
MNT,-0.14445715504106907
COL8A2,-0.144547375280418
ARGLU1,-0.14952626251311144
DDAH1,-0.15365523021880645
ICOSLG,-0.1542855799143707
FUNDC2,-0.15526549999307732
CDKN1B,-0.15660259287255637
GP1BA,-0.15700931528038464
PSMC2,-0.1578205521722471
SYNGR1,-0.16037170273491538
C7orf25,-0.16078785007607554
SULF1,-0.16120797521800548
MTDH,-0.16142334336297184
SMAD9,-0.16164145189745596
HP1BP3,-0.16619508721856857
NETO2,-0.16782958393335393
TNRC6C,-0.16889935217054602
RNF149,-0.16975657264073055
FAT3,-0.17110231863460262
CCDC8,-0.17406315951573273
DENND2C,-0.17810064214328886
MKNK2,-0.1809825297365866
ANTXR1,-0.18580345109235222
MED10,-0.18759021708679918
ZSCAN12,-0.18923481243668047
CLASP2,-0.19312587280087606
TMEM71,-0.1934310778489063
TWIST1,-0.19478887420786464
KHDRBS3,-0.19631027764548448
RAD51C,-0.20012529841035248
FANCF,-0.20800837152234541
ANKRD13D,-0.21038973907442968
CRYGS,-0.2111270417409753
RCN2,-0.21497705301291792
PODXL2,-0.21596880147543307
SHF,-0.21639187800814233
LSAMP,-0.22020501095902947
TSEN54,-0.2231231037869733
NDP,-0.22841876273155995
GCHFR,-0.229316954463246
IL1RAP,-0.23812725261733694
STK17A,-0.23942261177855095
CDH2,-0.24326962381839534
PHF14,-0.24535571655627322
MIAT,-0.24995288852453845
RBM39,-0.25027951372845425
GJC2,-0.25177540087166234
PCSK2,-0.25346287691109803
PWWP2B,-0.25667969192343215
ZBTB3,-0.26129768117234803
PDE7B,-0.26825520996969
ICA1L,-0.2700111526913186
CRBN,-0.27412252701771617
KLHL7,-0.27437227864743075
PLP1,-0.27978261777792934
APOC1,-0.28574082941493917
REC8,-0.2904163558475611
HOXC9,-0.2906643742276992
BNC1,-0.2934661311314681
PAPLN,-0.29999939281557486
ATXN7L2,-0.30089903843053384
ZNF442,-0.3085061887875237
TJP3,-0.320655586625749
CHAD,-0.32277854992541766
RNF148,-0.325909619241559
LY6G5C,-0.3414913114784315
PM20D2,-0.35628599146847495
CADM1,-0.35699449456819177
ARHGAP20,-0.35741106896322555
CDKN1C,-0.35817877889785227
GADD45G,-0.368745486748319
PNPLA4,-0.3730410355998206
UGDH,-0.3734104988305393
MARVELD3,-0.3762789649874097
RNF150,-0.3784389335485803
TCEAL7,-0.3818757666800549
KCNK12,-0.38387384524747753
TMEM100,-0.3854115817780157
GPC2,-0.3860575640224871
FZD4,-0.38917339765709696
MT1F,-0.3957676768285119
NBPF1,-0.3985492120631408
CA8,-0.4112752693661758
IGF2BP3,-0.42309142766617375
ZNF77,-0.43349006707312066
HLA-DPA1,-0.43651080906213446
PPARG,-0.43937493106493747
PDCD6IP,-0.4497866121994719
FBXL2,-0.45219523925267124
ZNF711,-0.47160992850070577
TOX,-0.4952840029116729
CRYBB2,-0.5017539037058426
BIK,-0.5089280924658328
PLB1,-0.5156947703325679
GNL3,-0.5244640172745443
SCN7A,-0.5453496814667428
HIGD1B,-0.5468809826254104
CPA4,-0.5584133809834859
WNT5A,-0.5760220566210512
TNFRSF19,-0.5959904975794871
GPR132,-0.6054400334199528
PURG,-0.6201170718211415
XKR6,-0.6237183778614733
HSPA2,-0.6384383021910406
PDZD4,-0.6417112168858436
FBXO46,-0.6486778146475107
MAP3K1,-0.6766850890344388
EYA1,-0.6855436560972226
SLC6A1,-0.6867073497874678
CNTN4,-0.7363140850156235
TRAPPC2,-0.7582097334617649
SEC14L1,-0.7955633921547853
FNDC5,-0.8275203695473485
TAS2R10,-0.8894025791233364
ZNF518B,-1.0046937748282931
