sample_id,PC1,PC2,PC3,spearman_mean_corr,corr_zscore,title,sex,age,cohort,tissue,technology,sun_exposure,age_group,lib_size_millions,flagged_outlier
GSM7067566,46.229986797578064,-18.56784084420812,-3.5741871840223634,0.9319292721841848,1.1706266446419893,SKIN_AGE22_M_GR1_Gt073,Male,22,GSE226189_Discovery,Primary Skin Fibroblasts,RNA-seq (Illumina NovaSeq 6000),Unspecified,Young (<35),246.533537,False
GSM7067567,73.59191657104662,-27.05068346135092,-10.41981848428572,0.919929077504847,0.18666384391464744,SKIN_AGE23_M_GR1_Gt022,Male,23,GSE226189_Discovery,Primary Skin Fibroblasts,RNA-seq (Illumina NovaSeq 6000),Unspecified,Young (<35),319.064465,False
GSM7067568,0.6050055258655517,37.75778180287044,-13.16586370841665,0.9289279850123966,0.9245343927867312,SKIN_AGE25_F_GR1_Gt085,Female,25,GSE226189_Discovery,Primary Skin Fibroblasts,RNA-seq (Illumina NovaSeq 6000),Unspecified,Young (<35),205.394872,False
GSM7067569,-29.92844586950696,-32.493902883282324,59.23980983635402,0.9228267799376331,0.42426260607039396,SKIN_AGE25_M_GR1_Gt046,Male,25,GSE226189_Discovery,Primary Skin Fibroblasts,RNA-seq (Illumina NovaSeq 6000),Unspecified,Young (<35),99.749955,False
GSM7067570,-22.585950597137572,-34.05998907009656,55.038901396466464,0.9280024793834631,0.8486470313673133,SKIN_AGE26_F_GR1_Gt045,Female,26,GSE226189_Discovery,Primary Skin Fibroblasts,RNA-seq (Illumina NovaSeq 6000),Unspecified,Young (<35),105.179651,False
GSM7067571,12.71998191677443,49.521763432262844,47.661838972734564,0.9221559577039644,0.36925815477034163,SKIN_AGE27_F_GR1_Gt055,Female,27,GSE226189_Discovery,Primary Skin Fibroblasts,RNA-seq (Illumina NovaSeq 6000),Unspecified,Young (<35),99.072428,False
GSM7067572,-30.29922184766066,-24.35420027454296,3.3051288398725283,0.9293999125871325,0.9632303631927074,SKIN_AGE27_M_GR1_Gt142,Male,27,GSE226189_Discovery,Primary Skin Fibroblasts,RNA-seq (Illumina NovaSeq 6000),Unspecified,Young (<35),147.441931,False
GSM7067573,-31.13131359470571,-25.065181517009282,-2.5265592457540396,0.9289604910183825,0.9271997412702386,SKIN_AGE28_F_GR1_Gt137,Female,28,GSE226189_Discovery,Primary Skin Fibroblasts,RNA-seq (Illumina NovaSeq 6000),Unspecified,Young (<35),165.43767,False
GSM7067574,71.83502390864717,-28.736451024488087,-21.950717428060145,0.9029411472975373,-1.2062711735585454,SKIN_AGE28_M_GR1_Gt001,Male,28,GSE226189_Discovery,Primary Skin Fibroblasts,RNA-seq (Illumina NovaSeq 6000),Unspecified,Young (<35),323.827917,False
GSM7067575,-0.653509416696554,55.56770506625386,13.242982788176528,0.9250264470581855,0.6046255650424933,SKIN_AGE28_M_GR1_Gt123,Male,28,GSE226189_Discovery,Primary Skin Fibroblasts,RNA-seq (Illumina NovaSeq 6000),Unspecified,Young (<35),137.060941,False
GSM7067576,39.09923721487868,80.16251649035358,35.14003565517175,0.8957667022103831,-1.7945438866484202,SKIN_AGE29_M_GR1_Gt135,Male,29,GSE226189_Discovery,Primary Skin Fibroblasts,RNA-seq (Illumina NovaSeq 6000),Unspecified,Young (<35),180.176797,False
GSM7067577,-125.66339979624834,25.462142435110092,9.139890023793678,0.8775357271869506,-3.289403072135969,SKIN_AGE30_M_GR1_Gt122,Male,30,GSE226189_Discovery,Primary Skin Fibroblasts,RNA-seq (Illumina NovaSeq 6000),Unspecified,Young (<35),105.345351,True
GSM7067578,3.5808801040922362,68.51734524404317,-3.545714826587402,0.916424043274497,-0.1007334350543877,SKIN_AGE31_F_GR1_Gt090,Female,31,GSE226189_Discovery,Primary Skin Fibroblasts,RNA-seq (Illumina NovaSeq 6000),Unspecified,Young (<35),264.652508,False
GSM7067579,79.75619064100081,-22.422444467023762,-25.772745659741204,0.9103826563570051,-0.5961003978794355,SKIN_AGE31_M_GR1_Gt005,Male,31,GSE226189_Discovery,Primary Skin Fibroblasts,RNA-seq (Illumina NovaSeq 6000),Unspecified,Young (<35),260.540015,False
GSM7067580,63.781401721390296,-26.470581201227617,-10.082235973168693,0.9208685576996848,0.2636970578284311,SKIN_AGE31_M_GR1_Gt025,Male,31,GSE226189_Discovery,Primary Skin Fibroblasts,RNA-seq (Illumina NovaSeq 6000),Unspecified,Young (<35),265.335302,False
GSM7067581,-92.08214127834373,-41.41839158839603,-28.159465828229976,0.9080987477751771,-0.7833707834716079,SKIN_AGE31_M_GR1_Gt119,Male,31,GSE226189_Discovery,Primary Skin Fibroblasts,RNA-seq (Illumina NovaSeq 6000),Unspecified,Young (<35),184.20598,False
GSM7067582,-31.4688619046112,37.12742110444929,11.927358174752229,0.9196148028964343,0.16089471831673452,SKIN_AGE31_M_GR1_Gt130,Male,31,GSE226189_Discovery,Primary Skin Fibroblasts,RNA-seq (Illumina NovaSeq 6000),Unspecified,Young (<35),123.503633,False
GSM7067583,-38.433116155734936,-29.56737762545508,3.5638896001427223,0.9284894856979174,0.8885793916287225,SKIN_AGE32_F_GR1_Gt144,Female,32,GSE226189_Discovery,Primary Skin Fibroblasts,RNA-seq (Illumina NovaSeq 6000),Unspecified,Young (<35),147.054643,False
GSM7067584,-3.663778696589769,-30.821995847511495,47.0945748158001,0.9330501249924175,1.2625316093414973,SKIN_AGE32_M_GR1_Gt042,Male,32,GSE226189_Discovery,Primary Skin Fibroblasts,RNA-seq (Illumina NovaSeq 6000),Unspecified,Young (<35),127.683544,False
GSM7067585,-39.952862634266204,-31.824214510135924,5.0374804592504505,0.9259575957829621,0.6809756353211414,SKIN_AGE35_F_GR2_Gt141,Female,35,GSE226189_Discovery,Primary Skin Fibroblasts,RNA-seq (Illumina NovaSeq 6000),Unspecified,Young (<35),163.752788,False
GSM7067586,-98.12602887157904,7.79481309123358,-30.911630790280753,0.9037412118053871,-1.1406694283416972,SKIN_AGE35_M_GR2_Gt104,Male,35,GSE226189_Discovery,Primary Skin Fibroblasts,RNA-seq (Illumina NovaSeq 6000),Unspecified,Young (<35),196.94867,False
GSM7067587,-124.2919723509136,12.328826312558343,19.104674595390403,0.8826783137898233,-2.867733753265821,SKIN_AGE35_M_GR2_Gt129,Male,35,GSE226189_Discovery,Primary Skin Fibroblasts,RNA-seq (Illumina NovaSeq 6000),Unspecified,Young (<35),81.211362,False
GSM7067588,54.79127651749224,77.90703130812159,17.209939255287345,0.9130046248499184,-0.3811105972432856,SKIN_AGE37_M_GR2_Gt064,Male,37,GSE226189_Discovery,Primary Skin Fibroblasts,RNA-seq (Illumina NovaSeq 6000),Unspecified,Middle (35-60),295.720294,False
GSM7067589,70.1721447530695,-31.59241017174532,-16.9574880778065,0.9173586879303386,-0.024096713916003452,SKIN_AGE38_F_GR2_Gt016,Female,38,GSE226189_Discovery,Primary Skin Fibroblasts,RNA-seq (Illumina NovaSeq 6000),Unspecified,Middle (35-60),256.451743,False
GSM7067590,-9.71690120998242,-17.230394927573016,-9.880340507745432,0.9324233248305778,1.2111367729058797,SKIN_AGE38_F_GR2_Gt152,Female,38,GSE226189_Discovery,Primary Skin Fibroblasts,RNA-seq (Illumina NovaSeq 6000),Unspecified,Middle (35-60),275.498847,False
GSM7067591,-110.34072751557414,-30.61681249273166,-27.721447334286626,0.8897913444609244,-2.2844967502156006,SKIN_AGE38_M_GR2_Gt093,Male,38,GSE226189_Discovery,Primary Skin Fibroblasts,RNA-seq (Illumina NovaSeq 6000),Unspecified,Middle (35-60),167.906238,False
GSM7067592,-16.16933708446755,68.23223884577698,-0.9363423149025871,0.9185757855307791,0.07569989736314624,SKIN_AGE39_M_GR2_Gt126,Male,39,GSE226189_Discovery,Primary Skin Fibroblasts,RNA-seq (Illumina NovaSeq 6000),Unspecified,Middle (35-60),159.099845,False
GSM7067593,45.00259222017373,29.18223180600383,3.123730498789851,0.9275005620062375,0.8074920300172952,SKIN_AGE42_F_GR2_Gt059,Female,42,GSE226189_Discovery,Primary Skin Fibroblasts,RNA-seq (Illumina NovaSeq 6000),Unspecified,Middle (35-60),275.910172,False
GSM7067594,-28.127598823217394,-28.618935891029132,-3.3727317411111515,0.9281325037277777,0.8593084515703328,SKIN_AGE42_F_GR2_Gt145,Female,42,GSE226189_Discovery,Primary Skin Fibroblasts,RNA-seq (Illumina NovaSeq 6000),Unspecified,Middle (35-60),150.705042,False
GSM7067595,69.96560377552356,-21.436258217496565,-4.648858202423331,0.9243459857328624,0.5488307509296548,SKIN_AGE42_M_GR2_Gt024,Male,42,GSE226189_Discovery,Primary Skin Fibroblasts,RNA-seq (Illumina NovaSeq 6000),Unspecified,Middle (35-60),248.930509,False
GSM7067596,71.07436754624328,-25.459046691391666,-8.731712313043694,0.9195889984157358,0.1587788652178616,SKIN_AGE45_M_GR2_Gt017,Male,45,GSE226189_Discovery,Primary Skin Fibroblasts,RNA-seq (Illumina NovaSeq 6000),Unspecified,Middle (35-60),190.166042,False
GSM7067597,73.02284143680255,-25.525714762649592,-9.73666547872104,0.9238680832533999,0.5096448648059752,SKIN_AGE45_M_GR2_Gt030,Male,45,GSE226189_Discovery,Primary Skin Fibroblasts,RNA-seq (Illumina NovaSeq 6000),Unspecified,Middle (35-60),325.915809,False
GSM7067598,53.691308094627274,48.85124571873245,6.506052129678213,0.9242033556799909,0.5371357184704738,SKIN_AGE47_F_GR2_Gt078,Female,47,GSE226189_Discovery,Primary Skin Fibroblasts,RNA-seq (Illumina NovaSeq 6000),Unspecified,Middle (35-60),307.975721,False
GSM7067599,55.31887522241401,43.685951424094654,5.165239525600111,0.9237041236934788,0.49620090726220545,SKIN_AGE47_M_GR2_Gt060,Male,47,GSE226189_Discovery,Primary Skin Fibroblasts,RNA-seq (Illumina NovaSeq 6000),Unspecified,Middle (35-60),267.17745,False
GSM7067600,40.60752076276859,51.36452419521681,25.384987192673158,0.9229756868245641,0.4364723111149736,SKIN_AGE48_F_GR2_Gt133,Female,48,GSE226189_Discovery,Primary Skin Fibroblasts,RNA-seq (Illumina NovaSeq 6000),Unspecified,Middle (35-60),167.237529,False
GSM7067601,-26.34251515834075,-17.303664779328276,-5.002582313888672,0.9334760328643786,1.2974541679953429,SKIN_AGE48_F_GR2_Gt149,Female,48,GSE226189_Discovery,Primary Skin Fibroblasts,RNA-seq (Illumina NovaSeq 6000),Unspecified,Middle (35-60),209.195996,False
GSM7067602,-41.95849826938306,-11.328496956152007,0.10174228038635595,0.9310152761610593,1.0956830199092427,SKIN_AGE49_M_GR2_Gt128,Male,49,GSE226189_Discovery,Primary Skin Fibroblasts,RNA-seq (Illumina NovaSeq 6000),Unspecified,Middle (35-60),131.568855,False
GSM7067603,92.83876877267234,-18.523659720690098,-20.172943192496042,0.9081475811018767,-0.77936666702249,SKIN_AGE51_M_GR3_Gt015,Male,51,GSE226189_Discovery,Primary Skin Fibroblasts,RNA-seq (Illumina NovaSeq 6000),Unspecified,Middle (35-60),240.843932,False
GSM7067604,59.84921528772943,-7.471131269024314,-9.558867652348193,0.9228485955992217,0.42605139367343603,SKIN_AGE52_F_GR3_Gt027,Female,52,GSE226189_Discovery,Primary Skin Fibroblasts,RNA-seq (Illumina NovaSeq 6000),Unspecified,Middle (35-60),292.682106,False
GSM7067605,61.21777670408089,62.741380419787106,8.894496126381709,0.9164816004145926,-0.09601400455482886,SKIN_AGE52_F_GR3_Gt063,Female,52,GSE226189_Discovery,Primary Skin Fibroblasts,RNA-seq (Illumina NovaSeq 6000),Unspecified,Middle (35-60),275.980534,False
GSM7067606,80.79667291829006,-23.047689093249836,-19.723996980713835,0.9154568535714044,-0.18003870588705873,SKIN_AGE52_M_GR3_Gt007,Male,52,GSE226189_Discovery,Primary Skin Fibroblasts,RNA-seq (Illumina NovaSeq 6000),Unspecified,Middle (35-60),371.288277,False
GSM7067607,0.5680630953445508,-32.8440223160589,45.096402393755746,0.9325212916542698,1.2191696184383214,SKIN_AGE52_M_GR3_Gt056,Male,52,GSE226189_Discovery,Primary Skin Fibroblasts,RNA-seq (Illumina NovaSeq 6000),Unspecified,Middle (35-60),124.351944,False
GSM7067608,-38.135096122738794,-3.345857633933478,-6.069700390511667,0.9268068218250003,0.7506084085471673,SKIN_AGE53_F_GR3_Gt146,Female,53,GSE226189_Discovery,Primary Skin Fibroblasts,RNA-seq (Illumina NovaSeq 6000),Unspecified,Middle (35-60),165.839923,False
GSM7067609,7.954614062787876,-35.86089804034319,45.360689493489026,0.9296280890296901,0.9819398206205545,SKIN_AGE54_M_GR3_Gt057,Male,54,GSE226189_Discovery,Primary Skin Fibroblasts,RNA-seq (Illumina NovaSeq 6000),Unspecified,Middle (35-60),92.907924,False
GSM7067610,-24.57268489288879,-7.9445580072833435,1.1257842834597653,0.9303875804678802,1.0442147538711544,SKIN_AGE55_M_GR3_Gt136,Male,55,GSE226189_Discovery,Primary Skin Fibroblasts,RNA-seq (Illumina NovaSeq 6000),Unspecified,Middle (35-60),152.794598,False
GSM7067611,2.7720915189011475,66.09733725054483,6.180317096229873,0.917319144786555,-0.02733907652316148,SKIN_AGE56_F_GR3_Gt120,Female,56,GSE226189_Discovery,Primary Skin Fibroblasts,RNA-seq (Illumina NovaSeq 6000),Unspecified,Middle (35-60),145.524753,False
GSM7067612,72.68492212275139,-14.099370313470054,-19.66574931077288,0.918255183821626,0.04941197753468883,SKIN_AGE57_M_GR3_Gt004,Male,57,GSE226189_Discovery,Primary Skin Fibroblasts,RNA-seq (Illumina NovaSeq 6000),Unspecified,Middle (35-60),315.147657,False
GSM7067613,80.57305325382828,-9.577642508734318,-17.13347087595136,0.9160922700861314,-0.1279373666866457,SKIN_AGE58_F_GR3_Gt011,Female,58,GSE226189_Discovery,Primary Skin Fibroblasts,RNA-seq (Illumina NovaSeq 6000),Unspecified,Middle (35-60),328.463242,False
GSM7067614,78.31813630544472,-23.829068411674392,-15.594858358579138,0.9184273832740799,0.06353156976197517,SKIN_AGE60_M_GR3_Gt013,Male,60,GSE226189_Discovery,Primary Skin Fibroblasts,RNA-seq (Illumina NovaSeq 6000),Unspecified,Middle (35-60),291.393759,False
GSM7067615,77.55215309884919,-11.44805205266814,-27.106836170906686,0.9110226557907449,-0.5436232796231089,SKIN_AGE61_F_GR3_Gt003,Female,61,GSE226189_Discovery,Primary Skin Fibroblasts,RNA-seq (Illumina NovaSeq 6000),Unspecified,Old (>60),292.92652,False
GSM7067616,-88.00415201429556,-36.67353996204045,-31.666049919228193,0.9111960939265888,-0.5294021208454307,SKIN_AGE61_F_GR3_Gt102,Female,61,GSE226189_Discovery,Primary Skin Fibroblasts,RNA-seq (Illumina NovaSeq 6000),Unspecified,Old (>60),240.905016,False
GSM7067617,52.43618518820785,-16.80242561912314,-1.7604485716381861,0.9339989527401671,1.3403312811827426,SKIN_AGE62_F_GR3_Gt070,Female,62,GSE226189_Discovery,Primary Skin Fibroblasts,RNA-seq (Illumina NovaSeq 6000),Unspecified,Old (>60),328.939426,False
GSM7067618,-97.51124857274394,-20.76933899289902,-31.52733741574667,0.9079093419762587,-0.7989012198818267,SKIN_AGE63_F_GR3_Gt101,Female,63,GSE226189_Discovery,Primary Skin Fibroblasts,RNA-seq (Illumina NovaSeq 6000),Unspecified,Old (>60),208.252314,False
GSM7067619,-3.5431577432656933,62.687781247790745,-12.996874170468761,0.920653175130025,0.24603664129908784,SKIN_AGE63_M_GR3_Gt092,Male,63,GSE226189_Discovery,Primary Skin Fibroblasts,RNA-seq (Illumina NovaSeq 6000),Unspecified,Old (>60),273.061372,False
GSM7067620,-11.614706672854302,-44.57757442060729,47.18439074326133,0.9286310951435353,0.9001907388145693,SKIN_AGE65_F_GR4_Gt033,Female,65,GSE226189_Discovery,Primary Skin Fibroblasts,RNA-seq (Illumina NovaSeq 6000),Unspecified,Old (>60),116.26867,False
GSM7067621,-16.847626161570147,-30.202681998797026,2.750522267150992,0.930222096932611,1.030645837100326,SKIN_AGE66_F_GR3_Gt156,Female,66,GSE226189_Discovery,Primary Skin Fibroblasts,RNA-seq (Illumina NovaSeq 6000),Unspecified,Old (>60),230.520496,False
GSM7067622,5.165354301201019,60.185880979429164,-7.81430806144681,0.9153927454146271,-0.1852952907323561,SKIN_AGE67_F_GR4_Gt080,Female,67,GSE226189_Discovery,Primary Skin Fibroblasts,RNA-seq (Illumina NovaSeq 6000),Unspecified,Old (>60),271.873676,False
GSM7067623,69.41632958972536,-16.392421963260066,-19.28971327328891,0.9003807166411462,-1.4162151442233424,SKIN_AGE67_M_GR4_Gt002,Male,67,GSE226189_Discovery,Primary Skin Fibroblasts,RNA-seq (Illumina NovaSeq 6000),Unspecified,Old (>60),224.840477,False
GSM7067624,-89.63873328660752,-52.40186749941896,52.75591937869177,0.8990934235510314,-1.5217674746773835,SKIN_AGE67_M_GR4_Gt039,Male,67,GSE226189_Discovery,Primary Skin Fibroblasts,RNA-seq (Illumina NovaSeq 6000),Unspecified,Old (>60),111.509236,False
GSM7067625,9.991930941957058,54.9617667213105,-5.022386264645608,0.9160687155929287,-0.12986873077870753,SKIN_AGE69_F_GR4_Gt095,Female,69,GSE226189_Discovery,Primary Skin Fibroblasts,RNA-seq (Illumina NovaSeq 6000),Unspecified,Old (>60),295.840866,False
GSM7067626,2.1518157753523393,56.0306369146724,-13.730034933161171,0.9165860638793109,-0.08744846323949944,SKIN_AGE70_F_GR4_Gt089,Female,70,GSE226189_Discovery,Primary Skin Fibroblasts,RNA-seq (Illumina NovaSeq 6000),Unspecified,Old (>60),279.337263,False
GSM7067627,4.146897920348038,35.44706778133104,52.902739350578805,0.9223092696335328,0.3818290537960662,SKIN_AGE70_M_GR4_Gt061,Male,70,GSE226189_Discovery,Primary Skin Fibroblasts,RNA-seq (Illumina NovaSeq 6000),Unspecified,Old (>60),96.156015,False
GSM7067628,-32.5736201487026,-0.9585439175211071,-5.794326591035206,0.9279730459150739,0.8462336173548505,SKIN_AGE71_F_GR4_Gt138,Female,71,GSE226189_Discovery,Primary Skin Fibroblasts,RNA-seq (Illumina NovaSeq 6000),Unspecified,Old (>60),177.437873,False
GSM7067629,72.10356920809481,-12.51767880741737,-0.446820080796205,0.9214451369073197,0.31097399850693613,SKIN_AGE72_F_GR4_Gt071,Female,72,GSE226189_Discovery,Primary Skin Fibroblasts,RNA-seq (Illumina NovaSeq 6000),Unspecified,Old (>60),304.483202,False
GSM7067630,-90.59629875448995,15.91676986102116,-14.126392499374093,0.8935306759140011,-1.9778881369609835,SKIN_AGE72_F_GR4_Gt109,Female,72,GSE226189_Discovery,Primary Skin Fibroblasts,RNA-seq (Illumina NovaSeq 6000),Unspecified,Old (>60),228.113379,False
GSM7067631,74.02634818594409,-29.08034959964937,-15.130066536982554,0.9154159256395629,-0.18339461498010845,SKIN_AGE72_M_GR4_Gt014,Male,72,GSE226189_Discovery,Primary Skin Fibroblasts,RNA-seq (Illumina NovaSeq 6000),Unspecified,Old (>60),259.700014,False
GSM7067632,50.01250591269891,-17.68573837845635,-3.1521260365088137,0.9302161004669253,1.0301541534794927,SKIN_AGE72_M_GR4_Gt065,Male,72,GSE226189_Discovery,Primary Skin Fibroblasts,RNA-seq (Illumina NovaSeq 6000),Unspecified,Old (>60),320.171923,False
GSM7067633,-80.9218320026696,11.155089211767308,-28.79071517382481,0.9111440560786931,-0.5336689938360412,SKIN_AGE72_M_GR4_Gt084,Male,72,GSE226189_Discovery,Primary Skin Fibroblasts,RNA-seq (Illumina NovaSeq 6000),Unspecified,Old (>60),281.628769,False
GSM7067634,-98.20815844158842,-17.82866160680062,-25.64985238495396,0.9042335340285823,-1.10030118711395,SKIN_AGE72_M_GR4_Gt114,Male,72,GSE226189_Discovery,Primary Skin Fibroblasts,RNA-seq (Illumina NovaSeq 6000),Unspecified,Old (>60),207.115289,False
GSM7067635,72.39824862668708,-28.1910164020015,-17.407123500562694,0.9182786372381716,0.051335053788660434,SKIN_AGE73_F_GR4_Gt018,Female,73,GSE226189_Discovery,Primary Skin Fibroblasts,RNA-seq (Illumina NovaSeq 6000),Unspecified,Old (>60),262.61149,False
GSM7067636,-83.86521008543892,25.964508203524435,-24.563197498312462,0.907419013662757,-0.8391059693480812,SKIN_AGE76_M_GR4_Gt115,Male,76,GSE226189_Discovery,Primary Skin Fibroblasts,RNA-seq (Illumina NovaSeq 6000),Unspecified,Old (>60),232.822838,False
GSM7067637,-87.61907319876573,35.84609911508091,-23.739668373615036,0.8940546632968457,-1.9349234929242292,SKIN_AGE77_F_GR4_Gt113,Female,77,GSE226189_Discovery,Primary Skin Fibroblasts,RNA-seq (Illumina NovaSeq 6000),Unspecified,Old (>60),273.604617,False
GSM7067638,-11.825399060229959,-44.956230561172916,47.73200763313234,0.9230860477124835,0.44552141500617004,SKIN_AGE78_F_GR4_Gt035,Female,78,GSE226189_Discovery,Primary Skin Fibroblasts,RNA-seq (Illumina NovaSeq 6000),Unspecified,Old (>60),110.365342,False
GSM7067639,-0.14306332914613715,-41.857198572001366,45.668047618717715,0.9284001937779934,0.8812578497739026,SKIN_AGE80_F_GR5_Gt032,Female,80,GSE226189_Discovery,Primary Skin Fibroblasts,RNA-seq (Illumina NovaSeq 6000),Unspecified,Old (>60),110.834732,False
GSM7067640,-103.95639331643986,-26.528805337096433,-27.38210500190977,0.9013971977811084,-1.3328681939371205,SKIN_AGE80_F_GR5_Gt083,Female,80,GSE226189_Discovery,Primary Skin Fibroblasts,RNA-seq (Illumina NovaSeq 6000),Unspecified,Old (>60),152.945854,False
GSM7067641,74.19454058748696,-26.31670892292837,-7.074286073495871,0.9199766843680459,0.19056739579016185,SKIN_AGE81_M_GR5_Gt029,Male,81,GSE226189_Discovery,Primary Skin Fibroblasts,RNA-seq (Illumina NovaSeq 6000),Unspecified,Old (>60),346.516836,False
GSM7067642,-99.30527969151414,-2.181060371824638,-35.96292859017417,0.8996921070198046,-1.4726780825113077,SKIN_AGE81_M_GR5_Gt108,Male,81,GSE226189_Discovery,Primary Skin Fibroblasts,RNA-seq (Illumina NovaSeq 6000),Unspecified,Old (>60),204.840089,False
GSM7067643,-90.63941124918884,43.674363814816616,-14.481897000114317,0.8988190673442684,-1.5442634681855756,SKIN_AGE81_M_GR5_Gt110,Male,81,GSE226189_Discovery,Primary Skin Fibroblasts,RNA-seq (Illumina NovaSeq 6000),Unspecified,Old (>60),181.491689,False
GSM7067644,70.7494538905404,-30.248334727612242,-11.226360623339241,0.9179208287280707,0.021996341115175,SKIN_AGE83_M_GR5_Gt026,Male,83,GSE226189_Discovery,Primary Skin Fibroblasts,RNA-seq (Illumina NovaSeq 6000),Unspecified,Old (>60),265.408953,False
GSM7067645,-12.338736981243846,39.20292576549047,9.258074444162311,0.9240141439661888,0.5216211961799522,SKIN_AGE85_M_GR5_Gt125,Male,85,GSE226189_Discovery,Primary Skin Fibroblasts,RNA-seq (Illumina NovaSeq 6000),Unspecified,Old (>60),164.435699,False
GSM7067646,23.258147922885115,45.778640105825446,-12.147373065294186,0.9317215726355043,1.1535962017958117,SKIN_AGE86_M_GR5_Gt111,Male,86,GSE226189_Discovery,Primary Skin Fibroblasts,RNA-seq (Illumina NovaSeq 6000),Unspecified,Old (>60),285.605158,False
GSM7067647,-57.226887120855004,-43.026669436889975,31.10827511534161,0.9202631565515678,0.21405684571666825,SKIN_AGE89_M_GR5_Gt132,Male,89,GSE226189_Discovery,Primary Skin Fibroblasts,RNA-seq (Illumina NovaSeq 6000),Unspecified,Old (>60),73.136715,False
