Name,Term,ES,NES,NOM p-val,FDR q-val,FWER p-val,Tag %,Gene %,Lead_genes
prerank,Protein Secretion,0.45350218389947083,2.368276352616724,0.0,0.0,0.0,30/94,12.55%,ARCN1;STX12;VAMP7;VAMP3;SEC24D;COPB1;DNM1L;AP1G1;EGFR;GLA;ARFGEF1;AP3B1;RAB22A;USO1;CLTC;GALC;RPS6KA3;MAPK1;OCRL;VPS45;LMAN1;STAM;TMX1;RAB14;SNX2;CLN5;VPS4B;SGMS1;PPT1;NAPG
prerank,Epithelial Mesenchymal Transition,0.27606180443756356,1.5952452782142976,0.0,0.0421792618629174,0.035,50/199,13.54%,PCOLCE2;TPM1;VEGFC;SFRP4;FAS;INHBA;CDH6;CCN1;NT5E;LRRC15;CAP2;CDH2;PRRX1;DKK1;FERMT2;SGCG;FGF2;LOX;ABI3BP;TNFRSF11B;VCAN;MFAP5;MMP3;IGFBP3;CCN2;COL11A1;MSX1;CD59;CDH11;FBLN5;TGM2;GPX7;SNAI2;DAB2;CTHRC1;SERPINE1;ITGA2;BASP1;TIMP3;CALU;POSTN;MATN3;GREM1;PLOD2;THBS1;GLIPR1;BDNF;OXTR;MMP1;FSTL1
prerank,UV Response Dn,0.2782966246840639,1.4895648676551512,0.009259259259259259,0.06951767232962312,0.086,58/142,20.59%,TGFBR2;RBPMS;CCN1;DDAH1;ADD3;CAP2;BMPR1A;PDLIM5;ANXA4;AGGF1;TJP1;SYNJ2;COL11A1;MET;FBLN5;GCNT1;PLCB4;SNAI2;DAB2;NR1D2;SERPINE1;MAGI2;ARHGEF9;SRI;CITED2;F3;MAP1B;BCKDHB;ATRN;ATP2C1;CDC42BPA;MRPS31;BDNF;SCAF8;NFIB;SYNE1;YTHDC1;CDK13;SPOP;HAS2;PTPRM;APBB2;NIPBL;NEK7;TOGARAM1;DUSP1;ID1;ATP2B4;DLG1;FHL2;ITGB3;ATRX;WDR37;PRDM2;SCHIP1;RGS4;LAMC1;NR3C1
prerank,Androgen Response,0.25356231553038483,1.3246193125726111,0.03571428571428571,0.1827768014059754,0.269,15/95,7.72%,UAP1;ELL2;SEC24D;ABHD2;FKBP5;PDLIM5;STK39;PIAS1;CDC14B;NGLY1;RPS6KA3;LMAN1;PLPP1;CENPN;SLC38A2
prerank,Angiogenesis,0.27185106129142367,1.114328820157952,0.2868525896414343,0.7034563561804335,0.759,11/34,13.54%,KCNJ8;THBD;VCAN;MSX1;STC1;PTK2;SLCO2A1;POSTN;CCND2;PF4;FSTL1
prerank,TGF-beta Signaling,0.23990544231900957,1.1059278596162572,0.2647058823529412,0.6201913688732669,0.779,9/53,8.24%,ID3;APC;BMPR1A;RHOA;TJP1;NOG;BCAR3;SERPINE1;RAB31
prerank,KRAS Signaling Up,0.18088679588826598,1.0602732837461029,0.2912621359223301,0.7227383044606244,0.864,30/184,11.61%,FGF9;IL7R;GLRX;INHBA;RELN;SCG5;CROT;PRRX1;PTPRR;FBXO4;CCSER2;IGFBP3;PCP4;PRKG2;ADGRL4;ANXA10;EPB41L3;ZNF639;USP12;SPARCL1;STRN;DCBLD2;ITGA2;ITGBL1;NAP1L2;ZNF277;MALL;PCSK1N;PLEK2;KIF5C
prerank,Mitotic Spindle,0.17667550759075956,1.0190371162888454,0.4105263157894737,0.8181019332161688,0.932,57/196,21.65%,MYO1E;APC;CLIP1;RASAL2;RAB3GAP1;PDLIM5;MID1;MAPRE1;TIAM1;PAFAH1B1;ARFGEF1;PKD2;SORBS2;TLK1;SASS6;ARHGEF12;HOOK3;TUBD1;CEP192;PCGF5;CDC27;FGD6;STK38L;ARHGAP10;RANBP9;ROCK1;KIF5B;CDC42BPA;STAU1;CLASP1;CDC42;NF1;PCM1;OPHN1;FGD4;LRPPRC;KIFAP3;ARHGAP5;SOS1;SSH2;ABI1;WASF1;DYNLL2;MYH10;DLG1;KIF23;CCDC88A;DST;KIF3C;RACGAP1;RASA1;FBXO5;ALMS1;KNTC1;ITSN1;RAPGEF5;KIF1B
prerank,heme Metabolism,0.1802065856468733,1.0125594033904917,0.45555555555555555,0.7532382998112348,0.939,23/174,8.92%,MBOAT2;GYPE;ELL2;ATG4A;ARL2BP;TMEM9B;UROS;RIOK3;PICALM;SYNJ1;SLC22A4;OPTN;FBXO7;FBXO9;ENDOD1;XPO7;RNF19A;ARHGEF12;USP15;BMP2K;KLF3;CDC27;SLC30A1
prerank,Interferon Gamma Response,0.16319241276653199,0.9593809177492072,0.625,0.8974809607498535,0.975,33/188,13.45%,FAS;PLA2G4A;STAT4;CSF2RB;SP110;USP18;P2RY14;HERC6;TDRD7;EIF2AK2;PNPT1;LCP2;IDO1;PSMA3;IRF4;OAS2;HIF1A;STAT1;SAMHD1;PARP14;BANK1;PTPN2;SRI;SPPL2A;XAF1;ARL4A;NCOA3;SAMD9L;IFI44;IRF2;ST8SIA4;IFIT1;IFIT2
prerank,Coagulation,0.17023877462582318,0.8977667160418764,0.773972602739726,1.0,0.993,24/114,15.48%,CPB2;LGMN;F8;VWF;THBD;A2M;MMP3;CTSO;ARF4;SERPINE1;SERPINB2;KLKB1;ITGA2;KLF7;F3;ANXA1;RAC1;TIMP3;THBS1;PF4;MMP1;F2;DPP4;C2
prerank,Spermatogenesis,0.16730022669447892,0.8896732660771656,0.7134146341463414,0.9908221050576059,0.993,16/97,11.59%,IL13RA2;SCG5;IDE;STAM2;GAD1;TCP11;PARP2;TOPBP1;BRAF;ZC3H14;PSMG1;SLC12A2;GMCL1;PCSK1N;ARL4A;IL12RB2
prerank,Bile Acid Metabolism,0.1717605666966975,0.8883234065342502,0.75,0.9189310981929611,0.993,14/96,9.97%,NR3C2;CROT;PEX7;PEX26;OPTN;ALDH1A1;NEDD4;BCAR3;DIO2;CYP7A1;AMACR;LONP2;HACL1;AR
prerank,Inflammatory Response,0.15140850534917785,0.8573682192146737,0.8969072164948454,0.9309565654029626,0.995,25/174,10.51%,SLC4A4;IL7R;INHBA;TLR3;ATP2A2;MSR1;ROS1;FZD5;EIF2AK2;LCP2;MET;SLC31A1;HIF1A;CD70;APLNR;CD55;SERPINE1;MXD1;DCBLD2;SRI;NMUR1;F3;LAMP3;ACVR1B;IL18
prerank,Interferon Alpha Response,0.1627005922920571,0.8274627076324215,0.8823529411764706,0.9254442491700839,0.996,23/95,18.64%,SP110;USP18;HERC6;PARP9;TDRD7;EIF2AK2;PNPT1;PSMA3;PARP14;SAMD9;ELF1;LAMP3;GBP2;SAMD9L;IFI44;IRF2;IFIT2;PROCR;IFI44L;B2M;IFI30;CCRL2;PLSCR1
prerank,E2F Targets,0.11711844551347576,0.6673974420136682,1.0,0.9827182190978324,0.997,41/199,19.48%,RAD1;RAD51C;MLH1;HUS1;CSE1L;DCLRE1B;NUP107;SLBP;RAD50;CDC25A;PRPS1;MRE11;SMC6;RPA1;CCP110;PLK4;BRMS1L;WEE1;PDS5B;MELK;DONSON;TIPIN;CDKN3;ING3;ATAD2;DIAPH3;PCNA;CHEK1;ZW10;DSCC1;NUP205;AK2;PRDX4;NBN;STAG1;MSH2;IPO7;PRKDC;TCF19;SRSF2;RACGAP1
prerank,Fatty Acid Metabolism,-0.14994591603235763,-0.6727638732583864,0.9808126410835214,0.9728991012693412,1.0,67/154,40.36%,ECI1;NTHL1;DHCR24;HSD17B10;GLUL;ACOT8;SLC22A5;CA4;GRHPR;ADH7;ALDOA;NCAPH2;ALDH3A1;GSTZ1;MIF;ACSS1;GAPDHS;PDHA1;ACO2;OSTC;CIDEA;MGLL;HAO2;IDH3B;ACAA1;ACADS;ECH1;ADH1C;HMGCL;LGALS1;ENO2;CPT2;FASN;ACADVL;ELOVL5;S100A10;CD1D;PSME1;AQP7;PCBD1;ADIPOR2;HSD17B7;ECHS1;CBR3;PRDX6;IDH1;ACSL1;IDH3G;VNN1;BLVRA;CBR1;LTC4S;GCDH;CYP1A1;MDH2;REEP6;KMT5A;SDHD;UROD;EHHADH;ADSL;ACOT2;MDH1;ACSM3;H2AZ1;CRAT;DLST
prerank,G2-M Checkpoint,-0.16283983817978753,-0.7450927749009388,0.9411764705882353,0.9461786399153211,1.0,70/196,40.25%,LBR;CDKN1B;CDKN2C;CDC25B;E2F4;RPS6KA5;HMGA1;HMGB3;SFPQ;NASP;SLC7A5;ABL1;RBM14;SMAD3;CUL4A;UPF1;RAD21;MTF2;BCL3;SRSF1;NUMA1;EGF;CDK4;LIG3;PRMT5;CKS1B;KPNA2;HIRA;KIF22;KPNB1;TROAP;H2AX;SMC1A;STMN1;TLE3;BUB3;ILF3;MEIS1;MT2A;CHMP1A;H2AZ2;ODF2;TGFB1;CTCF;JPT1;DDX39A;SS18;TNPO2;KIF2C;ATF5;ESPL1;BIRC5;HNRNPD;CDC7;G3BP1;NSD2;DTYMK;UBE2S;KMT5A;PTTG3P;TOP1;TRAIP;AMD1;E2F3;DR1;RAD54L;HMGN2;H2AZ1;PURA;TACC3
prerank,IL-6/JAK/STAT3 Signaling,-0.18299760483687444,-0.7567222983294895,0.879746835443038,0.9626291346242936,1.0,27/75,35.26%,SOCS1;SOCS3;PIM1;TNFRSF21;CD9;TNFRSF1B;IL3RA;IL1R2;INHBE;LTBR;GRB2;CD44;PTPN1;HAX1;IRF1;TGFB1;IL18R1;STAT2;TLR2;TYK2;TNFRSF1A;LTB;MYD88;IL4R;TNF;CD14;IL10RB
prerank,Estrogen Response Late,-0.16688880910757203,-0.7637806256510934,0.9311475409836065,0.9840786889949579,1.0,70/184,34.87%,SCUBE2;TJP3;CD9;TFAP2C;HR;KLF4;LSR;HOMER2;SEMA3B;PRKAR2B;MDK;SCARB1;ASS1;CISH;SLC1A4;NCOR2;IMPA2;SLC22A5;SLC7A5;DCXR;BLVRB;KRT13;MEST;MAPT;ANXA9;ABCA3;XBP1;GAL;PTPN6;CYP26B1;ISG20;SORD;PTGES;SERPINA1;FARP1;NAB2;SLC24A3;CELSR2;AMFR;TST;SULT2B1;COX6C;CD44;LLGL2;FGFR3;PLXNB1;ST14;ELOVL5;ARL3;IGFBP4;BAG1;CKB;OVOL2;DHRS2;GALE;SLC2A8;PPIF;PKP3;RNASEH2A;DHCR7;CYP4F11;XRCC3;GPER1;SLC27A2;FKBP4;RET;RAPGEFL1;WFS1;BCL2;PLAC1
prerank,Myogenesis,-0.16925724549637006,-0.7770770673179823,0.9096916299559471,0.9980064239167362,1.0,54/178,28.52%,GSN;SCD;CHRNB1;EPHB3;COL6A3;LPIN1;GAA;EFS;SYNGR2;PSEN2;ACTA1;PC;NOTCH1;CDH13;FHL1;WWTR1;DTNA;CTF1;COL6A2;ATP6AP1;PRNP;TSC2;ABLIM1;MYH8;AKT2;CLU;AGRN;FABP3;CKMT2;NCAM1;MYOZ1;GABARAPL2;SH2B1;BIN1;SORBS3;SLC6A8;KIFC3;FST;LSP1;MAPK12;OCEL1;DENND2B;SPEG;FDPS;AK1;BDKRB2;PLXNB2;COL15A1;SIRT2;BAG1;CKB;TEAD4;NOS1;TGFB1
prerank,PI3K/AKT/mTOR  Signaling,-0.18715476299943007,-0.7915952314655612,0.847877358490566,1.0,1.0,37/97,34.53%,MAP2K6;MKNK2;DDIT3;CDKN1B;TRAF2;CAMK4;NOD1;MAPK10;TSC2;TRIB3;PRKCB;GNA14;GRB2;PIN1;CDK4;GSK3B;HRAS;SLC2A1;CDK2;MKNK1;CSNK2B;PRKAA2;ARPC3;AKT1;PRKAR2A;ATF1;PPP1CA;CFL1;ECSIT;ARHGDIA;PLCG1;STAT2;GRK2;PIK3R3;TNFRSF1A;MYD88;ARF1
prerank,Adipogenesis,-0.17514950325134895,-0.8042141257634682,0.8674568965517241,1.0,1.0,80/196,37.31%,SLC19A1;PPARG;UCP2;SULT1A1;CDKN2C;PIM3;APOE;PFKFB3;VEGFB;SCARB1;SQOR;RAB34;ANGPTL4;BCKDHA;ALDOA;CYC1;POR;MIGA2;UQCRC1;TKT;PPP1R15B;COX6A1;JAGN1;ACO2;ADCY6;GHITM;SLC25A1;CIDEA;TST;MGLL;RREB1;PPM1B;GPX4;NDUFB7;ACADS;UQCR10;NDUFS3;ECH1;PHLDB1;COX8A;CPT2;NMT1;ABCA1;SLC1A5;COL15A1;COQ9;SLC27A1;ADIPOR2;BAZ2A;ITIH5;COX7B;LIPE;ECHS1;DGAT1;GPHN;PREB;UCK1;IDH1;DHCR7;IDH3G;DHRS7;CYP4B1;ABCB8;LTC4S;MGST3;FAH;SLC25A10;UQCR11;CAT;MDH2;SDHB;PEMT;ARAF;REEP6;COQ5;ATL2;CAVIN1;ELMOD3;PFKL;CD151
prerank,mTORC1 Signaling,-0.17654877429044774,-0.8149941090636349,0.8585313174946004,1.0,1.0,67/198,33.49%,CTSC;SCD;DDIT3;PSAT1;TM7SF2;CD9;IGFBP5;PHGDH;MTHFD2;TES;DDIT4;ASNS;PSPH;CYP51A1;DHCR24;SLC1A4;INSIG1;SLC37A4;FADS1;SLC7A5;HMBS;ENO1;CORO1A;FADS2;SHMT2;ALDOA;SLC7A11;XBP1;TRIB3;FKBP2;SORD;SERPINH1;P4HA1;GSK3B;SLC2A1;PPP1R15A;GAPDH;G6PD;TPI1;GOT1;HSPD1;SLC2A3;SDF2L1;FDXR;NMT1;ELOVL5;PRDX1;SYTL2;SLC1A5;NUPR1;HMGCR;ADIPOR2;EBP;WARS1;CTH;ATP5MC1;PDAP1;DDX39A;IDH1;GPI;DHCR7;PSMA4;CYB5B;PIK3R3;YKT6;TUBA4A;PSMC4
prerank,Allograft Rejection,-0.18438543677562816,-0.8282719068482232,0.801354401805869,1.0,1.0,64/161,36.85%,SOCS1;ICOSLG;TRAF2;TLR6;ELANE;IL10;STAB1;WAS;MAP4K1;CDKN2A;LYN;ITK;DYRK3;CD40LG;IL16;IRF7;HLA-A;NPM1;PTPRC;NLRP3;IKBKB;PRKCB;INHBB;PTPN6;BCL3;RPS9;HDAC9;RPS19;CCL22;TIMP1;THY1;AKT1;EREG;AARS1;CD1D;HLA-DOB;IL27RA;APBB1;PSMB10;TGFB2;TGFB1;WARS1;TAPBP;HLA-E;CD40;ETS1;CSK;HLA-DOA;CCND3;TLR2;F2R;BCL10;LTB;EIF5A;IL4R;FLNA;TNF;SOCS5;TPD52;FGR;HLA-DMB;ITGAL;IL18RAP;CD74
prerank,Glycolysis,-0.17948782411345382,-0.8310116057663887,0.8217391304347826,1.0,1.0,68/188,33.73%,BIK;MED24;ADORA2B;VEGFA;AKR1A1;IDUA;PC;DDIT4;CASP6;PFKFB1;ANG;GALK1;NASP;SLC37A4;NDST3;ENO1;ARTN;DPYSL4;GALK2;ANGPTL4;PGLS;ALDOA;EFNA3;AGRN;LHX9;PDK3;MIF;ANKZF1;GPC1;ISG20;GAPDHS;CHST6;COL5A1;B4GALT7;P4HA1;GUSB;DCN;HS6ST2;CD44;ALDOB;G6PD;PLOD1;TPI1;GOT1;POLR3K;RBCK1;COG2;STMN1;ENO2;B4GALT2;HAX1;CHST12;ELF3;GPC3;CTH;GALE;IDH1;PYGB;NDUFV3;ABCB6;SLC16A3;XYLT2;LHPP;CLN6;IER3;FKBP4;PSMC4;CHPF
prerank,Complement,-0.1851500863691862,-0.8376189871742011,0.8186813186813187,1.0,1.0,39/182,22.36%,PIM1;GP1BA;CTSC;APOC1;CASP5;PLAT;SERPINC1;F10;WAS;PDGFB;DOCK9;MSRB1;LYN;CDH13;ANG;CTSL;RCE1;PCSK9;CD40LG;IRF7;CTSD;PIK3CG;CASP9;CLU;GCA;MMP15;RNF4;HSPA1A;EHD1;CDK5R1;SERPINA1;GRB2;KCNIP2;F7;GNB2;PSEN1;C1R;CSRP1;TIMP2
prerank,IL-2/STAT5 Signaling,-0.18609204645161262,-0.8429289943365343,0.8042035398230089,1.0,1.0,39/180,21.78%,CDKN1C;SOCS1;COL6A1;PIM1;TNFRSF21;SLC29A2;PHLDA1;IL10;TNFRSF1B;SYNGR2;SERPINC1;GLIPR2;MAP6;IL3RA;ABCB1;CISH;GUCY1B1;ETV4;CTSZ;PLEC;PRNP;CD81;IL1R2;RNH1;NOP2;XBP1;PDCD2L;NRP1;PRAF2;TRAF1;PTCH1;IGF1R;P4HA1;IFITM3;GALM;ECM1;SCN9A;CD44;IL10RA
prerank,Oxidative Phosphorylation,-0.20119100174331395,-0.9377824121333647,0.6252699784017278,0.9280531152346216,1.0,111/199,47.84%,ECI1;RHOT2;HSD17B10;ATP5MG;ATP6AP1;BCKDHA;COX5B;CYC1;POR;UQCRC1;MRPS12;ATP5MC3;COX6A1;COX4I1;MRPS11;ATP5F1D;SLC25A6;PDHA1;ACO2;NDUFS2;TOMM22;COX6C;IDH3B;ACAA1;NDUFA2;NDUFV1;GPX4;NDUFB7;TIMM13;NDUFA3;COX7C;UQCR10;TIMM50;NDUFS3;UQCRB;ECH1;COX8A;ATP6V1F;ATP6V1G1;ACADVL;COX7A2L;NDUFB4;TIMM10;NDUFS8;MRPL11;COX7B;ECHS1;ATP6V0B;NQO2;ATP5MC1;PDP1;PMPCA;NDUFB1;PHB2;MRPL34;ACADSB;SLC25A11;IDH1;GPI;NDUFA7;IDH3G;COX7A2;NDUFA8;NDUFS7;NDUFB8;FDX1;TCIRG1;COX6B1;MGST3;NDUFB6;UQCR11;NDUFS6;MDH2;SDHB;NDUFC1;COX10;ATP5MC2;IDH2;POLR2F;SDHD;HADHA;AFG3L2;NDUFA1;TOMM70;MDH1;ALDH6A1;DLST;TIMM8B;ATP5PF;UQCRQ;ETFB;ATP6V0C;SDHA;PDHB;HSPA9;UQCRH;HADHB;NDUFB5;COX5A;NDUFAB1;TIMM9;CYB5R3;ATP5ME;MRPS15;NDUFC2;SLC25A3;ALAS1;FXN;OGDH;BAX;COX11
prerank,Reactive Oxygen Species Pathway,-0.25197998620800893,-0.9424407580915605,0.5545571245186136,0.9584827908741556,1.0,18/48,26.87%,HHEX;PRNP;LAMTOR5;PTPA;HMOX2;FTL;PRDX2;SBNO2;STK25;ABCC1;NDUFS2;EGLN2;G6PD;MSRA;GPX4;LSP1;PRDX1;NDUFB4
prerank,TNF-alpha Signaling via NF-kB,-0.20645066013456334,-0.9574948813162883,0.5681063122923588,0.9552557213008431,1.0,36/190,19.20%,SOCS3;ICOSLG;KDM6B;FOSL2;GEM;SIK1;PHLDA1;IL23A;KLF4;TGIF1;VEGFA;PFKFB3;PTGER4;BTG1;ATF3;DUSP4;ETS2;IER5;EIF1;SPSB1;JAG1;PLAU;NINJ1;RELA;SDC4;SMAD3;HES1;EFNA1;CEBPD;EHD1;BCL3;EGR1;TRAF1;TUBB2A;PLK2;EGR2
prerank,Xenobiotic Metabolism,-0.22225460485022083,-1.0137211525545187,0.46145251396648046,0.801350290392896,1.0,84/179,38.62%,SMOX;ITIH4;LCAT;CSAD;HSD17B2;APOE;DDAH2;PC;F10;TYR;GSTM4;CASP6;HES6;ACP1;ETS2;ANGPTL3;PYCR1;DCXR;BLVRB;PTGES3;NINJ1;BCAR1;SHMT2;ADH7;POR;ALDH3A1;TMEM176B;UPP1;CYP27A1;COMT;DHPS;PTGES;ACO2;CYFIP2;NDRG2;ACP2;LONP1;DHRS1;PTGDS;ECH1;ADH1C;PGD;NMT1;FBLN1;ELOVL5;SLC22A1;AHCY;AP4B1;SLC1A5;TKFC;IGFBP4;MT2A;EPHA2;PSMB10;TGFB2;NFS1;ASL;ABCD2;SLC35B1;PTGR1;ABHD6;CYP2J2;LEAP2;IDH1;TMBIM6;VNN1;DHRS7;PMM1;VTN;TNFRSF1A;CBR1;SLC6A6;CYP1A1;FAH;CAT;PEMT;RBP4;GSS;KYNU;CYP17A1;NQO1;TAT;SPINT2;PPARD
prerank,Estrogen Response Early,-0.22428981208508117,-1.0338382088066362,0.39891304347826084,0.7724090717234421,1.0,83/189,35.09%,ADCY1;SYNGR1;MED24;PMAIP1;TGIF2;TJP3;TFAP2C;PEX11A;HR;KLF4;SEMA3B;CLDN7;SCARB1;KRT8;BCL11B;CISH;SLC1A4;NCOR2;TUBB2B;KCNK15;MINDY1;SLC22A5;SLC7A5;BLVRB;RAB17;KRT13;MLPH;CALB2;ABLIM1;MAPT;TSKU;ANXA9;ABCA3;KRT18;XBP1;HES1;INHBB;ELOVL2;INPP5F;KAZN;CYP26B1;PTGES;ZNF185;IGF1R;FARP1;SLC24A3;CELSR2;AMFR;RHOD;AQP3;SLC2A1;SULT2B1;CD44;UNC119;TMEM164;KDM4B;FASN;ELOVL5;LAD1;ARL3;IGFBP4;BAG1;ELF3;OVOL2;DHRS2;MYBBP1A;PPIF;MAST4;FCMR;CELSR1;DHCR7;ASB13;MPPED2;SLC27A2;SLC19A2;FKBP4;NADSYN1;RET;RAPGEFL1;CANT1;WFS1;BCL2;SLC37A1
prerank,Apical Junction,-0.22891199504378595,-1.0480127896233071,0.3920265780730897,0.7659130918187714,1.0,46/183,21.75%,IRS1;VAV2;PARD6G;ADAM23;CLDN15;MDK;CLDN7;ACTA1;TRO;AMIGO1;RHOF;MAPK11;INSIG1;EXOC4;PBX2;CLDN4;EVL;ARHGEF6;LDLRAP1;CALB2;PKD1;AKT2;JAM3;MVD;NECTIN1;CD99;BMP1;CRB3;TSPAN4;PTPRC;CLDN11;TMEM8B;ADAM15;FSCN1;CNN2;TRAF1;SORBS3;ACTN1;CX3CL1;GTF2F1;GRB7;PCDH1;ZYX;HRAS;THBS3;CLDN18
prerank,Pancreas Beta Cells,-0.33859982260625543,-1.061764398910486,0.38526912181303113,0.7589496664504772,1.0,5/23,16.91%,PAK3;PCSK2;SST;HNF1A;NKX6-1
prerank,DNA Repair,-0.24265648745308535,-1.0827862537112611,0.3172645739910314,0.7231261002501621,1.0,73/147,42.75%,ELL;TAF1C;RAD52;BCAM;MPG;AGO4;ERCC1;IMPDH2;NELFB;TARBP2;POLR2E;VPS28;NME3;EIF1B;TAF6;ITPA;SNAPC4;POLD1;NT5C;ADCY6;SRSF6;GTF2F1;POLL;POLR2I;NUDT21;RAE1;VPS37B;ADRM1;GPX4;ERCC3;POLR2D;SSRP1;GTF3C5;POM121;POLR2A;CMPK2;NELFCD;POLR2G;AK1;BCAP31;DDB2;POLD4;SDCBP;APRT;USP11;GUK1;NELFE;NME4;UPF3B;EDF1;LIG1;VPS37D;POLD3;BOLA2;TK2;SAC3D1;CANT1;POLR2H;SUPT5H;POLR2F;POLR3GL;SF3A3;TP53;ADA;TAF10;RFC2;RPA3;GMPR2;POLR2K;RBX1;AAAS;ZWINT;PDE6G
prerank,Myc Targets V1,-0.24816747731403246,-1.1572915114405904,0.18004338394793926,0.49497359399610863,0.999,83/198,36.83%,GNL3;PCBP1;CNBP;SET;RPS2;RPLP0;HSP90AB1;ACP1;SNRPD3;HNRNPR;RPS10;RNPS1;IMPDH2;RACK1;PTGES3;NPM1;FBL;PABPC4;CYC1;SRSF3;MRPS18B;HDGF;NHP2;TRIM28;PRPF31;EIF4A1;CCT7;RUVBL2;LSM2;RPS3;ERH;SRSF1;RPL6;RPS6;CDK4;PSMD8;RPL18;SNRPD2;LSM7;RPL22;UBA2;RPS5;KPNA2;RPL34;TUFM;SNRPG;KPNB1;CDK2;HSPD1;POLD2;SRM;XRCC6;DDX21;CAD;RPL14;EXOSC7;HNRNPC;MRPL23;U2AF1;BUB3;PSMA7;PABPC1;TXNL4A;NAP1L1;PHB2;CBX3;RAN;SNRPA;CCT4;SSBP1;MCM7;PSMA4;PPM1G;PSMC4;ILF2;RANBP1;HNRNPD;CSTF2;G3BP1;RRP9;AIMP2;EIF4H;NOP16
prerank,Pperoxisome,-0.28084899956639514,-1.174653633886574,0.19687875150060025,0.47434590796028764,0.999,45/94,36.09%,CADM1;CNBP;PEX11A;CTBP1;SLC23A2;ABCB1;DHCR24;SLC25A19;ACOT8;ERCC1;FADS1;SEMA3C;CRABP2;TSPO;ABCD1;GSTK1;ATXN1;HRAS;HAO2;SULT2B1;ACAA1;PRDX5;MVP;ERCC3;ECH1;HMGCL;FDPS;ELOVL5;PRDX1;FIS1;ABCD2;PABPC1;ABCB9;SLC35B2;IDH1;ACSL1;CLN6;DLG4;BCL10;SLC27A2;CLN8;ABCC5;CAT;PEX5;PEX6
prerank,Hypoxia,-0.26630436783319,-1.222261558079256,0.10043196544276457,0.36410945365823527,0.996,57/192,22.38%,CDKN1C;PIM1;FOSL2;ADORA2B;MAP3K1;DDIT3;CDKN1B;KIF5A;GAA;TES;VEGFA;PFKFB3;SCARB1;DDIT4;PDGFB;CASP6;PPARGC1A;BTG1;VHL;ATF3;GALK1;DTNA;SLC37A4;SRPX;ENO1;HOXB9;GRHPR;DPYSL4;ANGPTL4;ALDOA;S100A4;B4GALNT2;EFNA3;SDC4;PDK3;CSRP2;MIF;EFNA1;ANKZF1;GPC1;ISG20;GAPDHS;MT1E;COL5A1;SELENBP1;P4HA1;SLC25A1;DCN;SLC2A1;SULT2B1;PPP1R15A;GAPDH;BGN;ALDOC;PGF;PRDX5;ALDOB
prerank,Notch Signaling,-0.37589142610283105,-1.2597847437595835,0.16434540389972144,0.2977645443595597,0.977,12/32,19.16%,WNT5A;LFNG;PSEN2;NOTCH1;WNT2;DTX4;JAG1;NOTCH3;DTX2;HES1;KAT2A;DTX1
prerank,p53 Pathway,-0.2733359073843775,-1.259993167267052,0.06948968512486428,0.3265959418141388,0.976,82/197,33.17%,SOCS1;MKNK2;RALGDS;DDIT3;CEBPA;ZFP36L1;WRAP73;IP6K2;KLF4;PRKAB1;DDIT4;NOTCH1;RAP2B;CD82;DEF6;CDKN2A;BTG1;HDAC3;ATF3;RAD9A;CDH13;IER5;RACK1;STEAP3;DCXR;NINJ1;CTSD;CD81;RPL36;PLK3;S100A4;COQ8A;NHLH2;SLC7A11;SLC3A2;TRIB3;UPP1;INHBB;MXD4;CDK5R1;RAB40C;PHLDA3;PLK2;CTSF;CYFIP2;RPS12;RPL18;PTPRE;KLK8;HRAS;PDGFA;MAPKAPK3;PRMT2;PPP1R15A;TM4SF1;POM121;ST14;AK1;CASP1;FDXR;PLXNB2;S100A10;SERTAD3;NUPR1;DDB2;EPHA2;TGFB1;HINT1;FGF13;NDRG1;IRAK1;CCND3;EPS8L2;BAIAP2;TRAFD1;TRAF4;VAMP8;F2R;PMM1;EI24;IER3;SLC19A2
prerank,Unfolded Protein Response,-0.2925373181269547,-1.2616023288992027,0.11854460093896714,0.35798408433449663,0.976,38/110,25.37%,CEBPG;PSAT1;ATF4;DDX10;MTHFD2;VEGFA;EIF4EBP1;DDIT4;ASNS;ATF3;SLC1A4;EEF2;SLC7A5;NPM1;SLC30A5;CHAC1;XBP1;NHP2;EIF4A1;TARS1;EIF4A3;EXOSC5;ARFGAP1;YIF1A;TUBB2A;KHSRP;CKS1B;HERPUD1;DCP2;EXOC2;CXXC1;EDC4;H2AX;CEBPB;ATP6V0D1;IMP3;RPS14;LSM4
prerank,Apoptosis,-0.28727274879285286,-1.283999736577275,0.05605381165919283,0.3375625405355323,0.962,53/151,28.97%,NEFH;GSN;BIK;DDIT3;PMAIP1;H1-0;CDKN1B;BMF;TGFBR3;PSEN2;CDC25B;CREBBP;PLAT;CASP6;ATF3;RHOT2;GPX1;BCL2L11;BID;RELA;CASP9;CLU;KRT18;MGMT;TSPO;AVPR1A;ISG20;PDGFRB;DAP;IFITM3;DCN;PSEN1;BGN;LMNA;CD44;TIMP2;CDK2;GPX4;NEDD9;TIMP1;EREG;ENO2;HMGB2;EMP1;CASP1;FDXR;BCAP31;SATB1;IRF1;TGFB2;EBP;CTH;HGF
prerank,Hedgehog Signaling,-0.37577008824188474,-1.3102453715736126,0.1325136612021858,0.31063122923588044,0.927,16/33,30.59%,VEGFA;HEY2;ETS2;L1CAM;HEY1;NRP1;NKX6-1;AMOT;CDK5R1;PTCH1;GLI1;THY1;DPYSL2;TLE3;ADGRG1;CELSR1
prerank,Myc Targets V2,-0.34665107268586204,-1.3283920775865747,0.08684863523573201,0.3105562247135489,0.895,31/56,37.74%,SLC19A1;GNL3;SLC29A2;TCOF1;PRMT3;NPM1;BYSL;NOP2;WDR74;EXOSC5;SORD;DCTPP1;CDK4;HSPD1;SRM;IPO4;RCL1;FARSA;MYBBP1A;PPRC1;CBX3;PES1;PPAN;NOC4L;RABEPK;RRP9;UNG;AIMP2;NOP16;LAS1L;MAP3K6
prerank,UV Response Up,-0.312642448973056,-1.3805107897924336,0.022727272727272728,0.21893820068562958,0.704,71/152,34.31%,HSPA2;CDKN1C;CEBPG;NPTX2;CHKA;SULT1A1;NPTXR;POLG2;ARRB2;EIF2S3;ASNS;ABCB1;BTG1;ATF3;LYN;WIZ;PLCL1;HLA-F;EPCAM;BCL2L11;BID;CNP;ALDOA;E2F5;SHOX2;APOM;SELENOW;GAL;TARS1;PRPF3;SLC6A8;STK25;MARK2;AGO2;TYRO3;AQP3;BSG;TST;ACAA1;HYAL2;CDK2;KLHDC3;MGAT1;DDX21;H2AX;TGFBRAP1;ENO2;ATP6V1F;PSMC3;MRPL23;SIGMAR1;IRF1;FURIN;PDAP1;PPIF;DGAT1;PTPRD;CDC34;DNAJB1;PRKACA;CCND3;CLTB;TMBIM6;CYB5B;DLG4;YKT6;FKBP4;TUBA4A;RET;AP2S1;CYP1A1
prerank,Wnt-beta Catenin Signaling,-0.4060095397919801,-1.43939422658079,0.055020632737276476,0.1500277957935699,0.517,14/38,17.93%,CSNK1E;AXIN2;PSEN2;NOTCH1;HEY2;NCOR2;HDAC11;HEY1;JAG1;DVL2;MAML1;FRAT1;KAT2A;PTCH1
prerank,Apical Surface,-0.41749831408043875,-1.5064884584808396,0.02953020134228188,0.10159362549800798,0.318,22/40,34.02%,CRYBG1;LYN;EPHB4;PCSK9;SRPX;SULF2;TMEM8B;CROCC;LYPD3;CX3CL1;GAS1;MDGA1;THY1;FLOT2;GSTM3;SHROOM2;ADIPOR2;MAL;RHCG;HSPB1;AFAP1L2;PLAUR
prerank,KRAS Signaling Dn,-0.34330185886047043,-1.5219720455470371,0.0022396416573348264,0.12718891874363014,0.278,69/140,38.23%,IL5;GP1BA;SYNPO;PLAG1;MACROH2A2;TENT5C;YPEL1;LFNG;TCF7L1;PDE6B;CYP39A1;IDUA;PRODH;SLC25A23;THNSL2;CALML5;MYO15A;LGALS7;NTF3;CD40LG;KRT13;SPTBN2;CCDC106;COQ8A;CPB1;TGM1;CLSTN3;ATP6V1B1;SHOX2;P2RX6;HNF1A;MTHFR;DTNB;LYPD3;EGF;CELSR2;CAMK1D;KMT2D;STAG3;HTR1D;KLK8;SERPINA10;GTF3C5;FGFR3;TAS2R4;NUDT11;MX1;TFAP2B;TGFB2;NOS1;SOX10;TFCP2L1;KCND1;GAMT;SIDT1;CDKAL1;MYOT;EFHD1;DLK2;PKP1;TEX15;SLC29A3;PTGFR;PAX3;NR6A1;MAST3;PDK2;CHRNG;ASB7
prerank,Cholesterol Homeostasis,-0.419306408478703,-1.6859113827059073,0.0024509803921568627,0.027564161956823867,0.035,40/73,34.28%,PPARG;SCD;CHKA;TM7SF2;CD9;LSS;SEMA3B;ADH4;ATF3;CYP51A1;ETHE1;JAG1;FADS2;CLU;MVD;SREBF2;PDK3;TRIB3;CBS;AVPR1A;ACSS2;GUSB;PCYT2;ALDOC;MVK;ECH1;GSTM2;FDPS;FASN;GLDC;HMGCR;CXCL16;STX5;HSD17B7;EBP;DHCR7;CTNNB1;ATF5;PLAUR;ABCA2
