sample_id,PC1,PC2,donor_id,age,sex,sun_exposure,anatomical_site,tissue,cohort,technology
1A,-25.07614715617222,-18.860923183671837,Donor_1,40,Female,Sun-Exposed,pre-auricular,Human Facial Skin,GSE38308_Validation,Microarray (Illumina HumanWG-6 v3.0)
1B,-27.397369015406305,-7.03972314049077,Donor_1,40,Female,Sun-Protected,post-auricular,Human Facial Skin,GSE38308_Validation,Microarray (Illumina HumanWG-6 v3.0)
2A,-28.976866024722217,-16.487712971690467,Donor_2,38,Female,Sun-Exposed,pre-auricular,Human Facial Skin,GSE38308_Validation,Microarray (Illumina HumanWG-6 v3.0)
2B,-32.088270851592725,2.4086064586758296,Donor_2,38,Female,Sun-Protected,post-auricular,Human Facial Skin,GSE38308_Validation,Microarray (Illumina HumanWG-6 v3.0)
3A,-23.71017085334595,-21.12638407142729,Donor_3,40,Female,Sun-Exposed,pre-auricular,Human Facial Skin,GSE38308_Validation,Microarray (Illumina HumanWG-6 v3.0)
3B,-29.207082195859112,0.04583622299030288,Donor_3,40,Female,Sun-Protected,post-auricular,Human Facial Skin,GSE38308_Validation,Microarray (Illumina HumanWG-6 v3.0)
4A,-17.035629974763093,-19.79081012587444,Donor_4,47,Female,Sun-Exposed,pre-auricular,Human Facial Skin,GSE38308_Validation,Microarray (Illumina HumanWG-6 v3.0)
4B,-25.384685760280657,6.015812840602457,Donor_4,47,Female,Sun-Protected,post-auricular,Human Facial Skin,GSE38308_Validation,Microarray (Illumina HumanWG-6 v3.0)
5A,-28.76535882196004,-13.192880364337203,Donor_5,50,Female,Sun-Exposed,pre-auricular,Human Facial Skin,GSE38308_Validation,Microarray (Illumina HumanWG-6 v3.0)
5B,-31.898534510735473,-13.678759200274422,Donor_5,50,Female,Sun-Protected,post-auricular,Human Facial Skin,GSE38308_Validation,Microarray (Illumina HumanWG-6 v3.0)
6A,-35.65338980276915,21.93846867970138,Donor_6,50,Female,Sun-Exposed,pre-auricular,Human Facial Skin,GSE38308_Validation,Microarray (Illumina HumanWG-6 v3.0)
6B,-34.98882339139596,1.4130102817578243,Donor_6,50,Female,Sun-Protected,post-auricular,Human Facial Skin,GSE38308_Validation,Microarray (Illumina HumanWG-6 v3.0)
7A,-22.164895012366657,8.564412749764132,Donor_7,55,Female,Sun-Exposed,pre-auricular,Human Facial Skin,GSE38308_Validation,Microarray (Illumina HumanWG-6 v3.0)
7B,-30.19728587827114,-2.5179061411029813,Donor_7,55,Female,Sun-Protected,post-auricular,Human Facial Skin,GSE38308_Validation,Microarray (Illumina HumanWG-6 v3.0)
8A,-23.509176758308136,23.87595261111286,Donor_8,53,Female,Sun-Exposed,pre-auricular,Human Facial Skin,GSE38308_Validation,Microarray (Illumina HumanWG-6 v3.0)
8B,-24.807197186948017,21.298200768399052,Donor_8,53,Female,Sun-Protected,post-auricular,Human Facial Skin,GSE38308_Validation,Microarray (Illumina HumanWG-6 v3.0)
9A,-26.854734197139013,-0.05243619494717461,Donor_9,55,Female,Sun-Exposed,pre-auricular,Human Facial Skin,GSE38308_Validation,Microarray (Illumina HumanWG-6 v3.0)
9B,-29.626769684881864,21.05693225573936,Donor_9,55,Female,Sun-Protected,post-auricular,Human Facial Skin,GSE38308_Validation,Microarray (Illumina HumanWG-6 v3.0)
10A,22.806151970960585,-17.806799827599082,Donor_10,46,Female,Sun-Exposed,pre-auricular,Human Facial Skin,GSE38308_Validation,Microarray (Illumina HumanWG-6 v3.0)
10B,23.302481501214583,13.60655609441492,Donor_10,46,Female,Sun-Protected,post-auricular,Human Facial Skin,GSE38308_Validation,Microarray (Illumina HumanWG-6 v3.0)
11A,23.373090049787436,-12.710114459598238,Donor_11,46,Female,Sun-Exposed,pre-auricular,Human Facial Skin,GSE38308_Validation,Microarray (Illumina HumanWG-6 v3.0)
11B,22.81077448328452,15.527512171717602,Donor_11,46,Female,Sun-Protected,post-auricular,Human Facial Skin,GSE38308_Validation,Microarray (Illumina HumanWG-6 v3.0)
12A,27.498547847905307,-2.8394375427625054,Donor_12,50,Female,Sun-Exposed,pre-auricular,Human Facial Skin,GSE38308_Validation,Microarray (Illumina HumanWG-6 v3.0)
12B,23.35333442356857,2.4586018833072387,Donor_12,50,Female,Sun-Protected,post-auricular,Human Facial Skin,GSE38308_Validation,Microarray (Illumina HumanWG-6 v3.0)
13A,21.120348578097587,-11.178562215784911,Donor_13,34,Female,Sun-Exposed,pre-auricular,Human Facial Skin,GSE38308_Validation,Microarray (Illumina HumanWG-6 v3.0)
13B,20.80665051211596,13.628725094652445,Donor_13,34,Female,Sun-Protected,post-auricular,Human Facial Skin,GSE38308_Validation,Microarray (Illumina HumanWG-6 v3.0)
14A,23.58498187318218,4.890123352481389,Donor_14,38,Female,Sun-Exposed,pre-auricular,Human Facial Skin,GSE38308_Validation,Microarray (Illumina HumanWG-6 v3.0)
14B,20.303460024926643,4.69207094808678,Donor_14,38,Female,Sun-Protected,post-auricular,Human Facial Skin,GSE38308_Validation,Microarray (Illumina HumanWG-6 v3.0)
15A,21.012182416757913,-4.286705574120471,Donor_15,42,Female,Sun-Exposed,pre-auricular,Human Facial Skin,GSE38308_Validation,Microarray (Illumina HumanWG-6 v3.0)
15B,20.02502899177596,15.626045732815593,Donor_15,42,Female,Sun-Protected,post-auricular,Human Facial Skin,GSE38308_Validation,Microarray (Illumina HumanWG-6 v3.0)
16A,18.816624063401726,-8.846212549880285,Donor_16,44,Female,Sun-Exposed,pre-auricular,Human Facial Skin,GSE38308_Validation,Microarray (Illumina HumanWG-6 v3.0)
16B,17.593298790593284,21.595182844734133,Donor_16,44,Female,Sun-Protected,post-auricular,Human Facial Skin,GSE38308_Validation,Microarray (Illumina HumanWG-6 v3.0)
17A,16.947092215888034,-17.969169539622882,Donor_17,44,Female,Sun-Exposed,pre-auricular,Human Facial Skin,GSE38308_Validation,Microarray (Illumina HumanWG-6 v3.0)
17B,15.532801085404964,5.742042363992104,Donor_17,44,Female,Sun-Protected,post-auricular,Human Facial Skin,GSE38308_Validation,Microarray (Illumina HumanWG-6 v3.0)
18A,16.348581444112867,-20.419468822575485,Donor_18,46,Female,Sun-Exposed,pre-auricular,Human Facial Skin,GSE38308_Validation,Microarray (Illumina HumanWG-6 v3.0)
18B,16.56284763799269,16.170452586029956,Donor_18,46,Female,Sun-Protected,post-auricular,Human Facial Skin,GSE38308_Validation,Microarray (Illumina HumanWG-6 v3.0)
19A,20.57029423163513,-16.89456230014852,Donor_19,52,Female,Sun-Exposed,pre-auricular,Human Facial Skin,GSE38308_Validation,Microarray (Illumina HumanWG-6 v3.0)
19B,20.149916473975722,12.335914075776314,Donor_19,52,Female,Sun-Protected,post-auricular,Human Facial Skin,GSE38308_Validation,Microarray (Illumina HumanWG-6 v3.0)
20A,21.18916537058372,1.1250436163904842,Donor_20,47,Female,Sun-Exposed,pre-auricular,Human Facial Skin,GSE38308_Validation,Microarray (Illumina HumanWG-6 v3.0)
20B,22.489319347099162,-2.8659659749114756,Donor_20,47,Female,Sun-Protected,post-auricular,Human Facial Skin,GSE38308_Validation,Microarray (Illumina HumanWG-6 v3.0)
21A,21.137950690406363,-18.1068875615405,Donor_21,53,Female,Sun-Exposed,pre-auricular,Human Facial Skin,GSE38308_Validation,Microarray (Illumina HumanWG-6 v3.0)
21B,20.007463052247118,12.655918129219076,Donor_21,53,Female,Sun-Protected,post-auricular,Human Facial Skin,GSE38308_Validation,Microarray (Illumina HumanWG-6 v3.0)
