sample_id,donor_id,age,sex,sun_exposure,predicted_age,age_delta
1A,Donor_1,40,Female,Sun-Exposed,-8.74311540138605,-48.74311540138605
1B,Donor_1,40,Female,Sun-Protected,-10.085263544617014,-50.085263544617014
2A,Donor_2,38,Female,Sun-Exposed,6.412437813013327,-31.587562186986673
2B,Donor_2,38,Female,Sun-Protected,-11.110133641628465,-49.110133641628465
3A,Donor_3,40,Female,Sun-Exposed,25.61940640152671,-14.38059359847329
3B,Donor_3,40,Female,Sun-Protected,6.800887518547775,-33.199112481452225
4A,Donor_4,47,Female,Sun-Exposed,8.84661189961463,-38.15338810038537
4B,Donor_4,47,Female,Sun-Protected,-5.785025887900758,-52.78502588790076
5A,Donor_5,50,Female,Sun-Exposed,0.392061987589571,-49.60793801241043
5B,Donor_5,50,Female,Sun-Protected,-19.901629224551954,-69.90162922455195
6A,Donor_6,50,Female,Sun-Exposed,-27.201325710228957,-77.20132571022896
6B,Donor_6,50,Female,Sun-Protected,-21.72721893569141,-71.72721893569141
7A,Donor_7,55,Female,Sun-Exposed,-23.99313962410858,-78.99313962410858
7B,Donor_7,55,Female,Sun-Protected,-11.709874579732812,-66.70987457973281
8A,Donor_8,53,Female,Sun-Exposed,4.568246372611561,-48.43175362738844
8B,Donor_8,53,Female,Sun-Protected,-9.223176994221753,-62.22317699422175
9A,Donor_9,55,Female,Sun-Exposed,-4.498171731181195,-59.498171731181195
9B,Donor_9,55,Female,Sun-Protected,-44.64155200316847,-99.64155200316847
10A,Donor_10,46,Female,Sun-Exposed,1.1704653839296242,-44.829534616070376
10B,Donor_10,46,Female,Sun-Protected,-16.14437763394683,-62.14437763394683
11A,Donor_11,46,Female,Sun-Exposed,15.790685426509228,-30.209314573490772
11B,Donor_11,46,Female,Sun-Protected,0.3224918822608629,-45.67750811773914
12A,Donor_12,50,Female,Sun-Exposed,-35.50243356635747,-85.50243356635747
12B,Donor_12,50,Female,Sun-Protected,23.70163622541523,-26.29836377458477
13A,Donor_13,34,Female,Sun-Exposed,0.9491443176460734,-33.05085568235393
13B,Donor_13,34,Female,Sun-Protected,-10.112662906441827,-44.11266290644183
14A,Donor_14,38,Female,Sun-Exposed,14.037767288773281,-23.96223271122672
14B,Donor_14,38,Female,Sun-Protected,8.034765471467956,-29.965234528532044
15A,Donor_15,42,Female,Sun-Exposed,34.9425548457768,-7.057445154223203
15B,Donor_15,42,Female,Sun-Protected,3.276557766451994,-38.723442233548006
16A,Donor_16,44,Female,Sun-Exposed,19.279168904177922,-24.720831095822078
16B,Donor_16,44,Female,Sun-Protected,-9.511589208723727,-53.51158920872373
17A,Donor_17,44,Female,Sun-Exposed,2.2043405825493494,-41.79565941745065
17B,Donor_17,44,Female,Sun-Protected,10.712006602147468,-33.28799339785253
18A,Donor_18,46,Female,Sun-Exposed,-12.88134144387351,-58.88134144387351
18B,Donor_18,46,Female,Sun-Protected,-19.63974268924005,-65.63974268924005
19A,Donor_19,52,Female,Sun-Exposed,16.316975843208112,-35.68302415679189
19B,Donor_19,52,Female,Sun-Protected,5.174291353358335,-46.825708646641665
20A,Donor_20,47,Female,Sun-Exposed,-13.997092897809395,-60.997092897809395
20B,Donor_20,47,Female,Sun-Protected,-7.429603519257519,-54.42960351925752
21A,Donor_21,53,Female,Sun-Exposed,26.84751119041882,-26.15248880958118
21B,Donor_21,53,Female,Sun-Protected,-23.38675503079716,-76.38675503079716
