sample_id,title,sex,age,cohort,tissue,technology,sun_exposure,age_group
GSM7067566,SKIN_AGE22_M_GR1_Gt073,Male,22,GSE226189_Discovery,Primary Skin Fibroblasts,RNA-seq (Illumina NovaSeq 6000),Unspecified,Young (<35)
GSM7067567,SKIN_AGE23_M_GR1_Gt022,Male,23,GSE226189_Discovery,Primary Skin Fibroblasts,RNA-seq (Illumina NovaSeq 6000),Unspecified,Young (<35)
GSM7067568,SKIN_AGE25_F_GR1_Gt085,Female,25,GSE226189_Discovery,Primary Skin Fibroblasts,RNA-seq (Illumina NovaSeq 6000),Unspecified,Young (<35)
GSM7067569,SKIN_AGE25_M_GR1_Gt046,Male,25,GSE226189_Discovery,Primary Skin Fibroblasts,RNA-seq (Illumina NovaSeq 6000),Unspecified,Young (<35)
GSM7067570,SKIN_AGE26_F_GR1_Gt045,Female,26,GSE226189_Discovery,Primary Skin Fibroblasts,RNA-seq (Illumina NovaSeq 6000),Unspecified,Young (<35)
GSM7067571,SKIN_AGE27_F_GR1_Gt055,Female,27,GSE226189_Discovery,Primary Skin Fibroblasts,RNA-seq (Illumina NovaSeq 6000),Unspecified,Young (<35)
GSM7067572,SKIN_AGE27_M_GR1_Gt142,Male,27,GSE226189_Discovery,Primary Skin Fibroblasts,RNA-seq (Illumina NovaSeq 6000),Unspecified,Young (<35)
GSM7067573,SKIN_AGE28_F_GR1_Gt137,Female,28,GSE226189_Discovery,Primary Skin Fibroblasts,RNA-seq (Illumina NovaSeq 6000),Unspecified,Young (<35)
GSM7067574,SKIN_AGE28_M_GR1_Gt001,Male,28,GSE226189_Discovery,Primary Skin Fibroblasts,RNA-seq (Illumina NovaSeq 6000),Unspecified,Young (<35)
GSM7067575,SKIN_AGE28_M_GR1_Gt123,Male,28,GSE226189_Discovery,Primary Skin Fibroblasts,RNA-seq (Illumina NovaSeq 6000),Unspecified,Young (<35)
GSM7067576,SKIN_AGE29_M_GR1_Gt135,Male,29,GSE226189_Discovery,Primary Skin Fibroblasts,RNA-seq (Illumina NovaSeq 6000),Unspecified,Young (<35)
GSM7067577,SKIN_AGE30_M_GR1_Gt122,Male,30,GSE226189_Discovery,Primary Skin Fibroblasts,RNA-seq (Illumina NovaSeq 6000),Unspecified,Young (<35)
GSM7067578,SKIN_AGE31_F_GR1_Gt090,Female,31,GSE226189_Discovery,Primary Skin Fibroblasts,RNA-seq (Illumina NovaSeq 6000),Unspecified,Young (<35)
GSM7067579,SKIN_AGE31_M_GR1_Gt005,Male,31,GSE226189_Discovery,Primary Skin Fibroblasts,RNA-seq (Illumina NovaSeq 6000),Unspecified,Young (<35)
GSM7067580,SKIN_AGE31_M_GR1_Gt025,Male,31,GSE226189_Discovery,Primary Skin Fibroblasts,RNA-seq (Illumina NovaSeq 6000),Unspecified,Young (<35)
GSM7067581,SKIN_AGE31_M_GR1_Gt119,Male,31,GSE226189_Discovery,Primary Skin Fibroblasts,RNA-seq (Illumina NovaSeq 6000),Unspecified,Young (<35)
GSM7067582,SKIN_AGE31_M_GR1_Gt130,Male,31,GSE226189_Discovery,Primary Skin Fibroblasts,RNA-seq (Illumina NovaSeq 6000),Unspecified,Young (<35)
GSM7067583,SKIN_AGE32_F_GR1_Gt144,Female,32,GSE226189_Discovery,Primary Skin Fibroblasts,RNA-seq (Illumina NovaSeq 6000),Unspecified,Young (<35)
GSM7067584,SKIN_AGE32_M_GR1_Gt042,Male,32,GSE226189_Discovery,Primary Skin Fibroblasts,RNA-seq (Illumina NovaSeq 6000),Unspecified,Young (<35)
GSM7067585,SKIN_AGE35_F_GR2_Gt141,Female,35,GSE226189_Discovery,Primary Skin Fibroblasts,RNA-seq (Illumina NovaSeq 6000),Unspecified,Young (<35)
GSM7067586,SKIN_AGE35_M_GR2_Gt104,Male,35,GSE226189_Discovery,Primary Skin Fibroblasts,RNA-seq (Illumina NovaSeq 6000),Unspecified,Young (<35)
GSM7067587,SKIN_AGE35_M_GR2_Gt129,Male,35,GSE226189_Discovery,Primary Skin Fibroblasts,RNA-seq (Illumina NovaSeq 6000),Unspecified,Young (<35)
GSM7067588,SKIN_AGE37_M_GR2_Gt064,Male,37,GSE226189_Discovery,Primary Skin Fibroblasts,RNA-seq (Illumina NovaSeq 6000),Unspecified,Middle (35-60)
GSM7067589,SKIN_AGE38_F_GR2_Gt016,Female,38,GSE226189_Discovery,Primary Skin Fibroblasts,RNA-seq (Illumina NovaSeq 6000),Unspecified,Middle (35-60)
GSM7067590,SKIN_AGE38_F_GR2_Gt152,Female,38,GSE226189_Discovery,Primary Skin Fibroblasts,RNA-seq (Illumina NovaSeq 6000),Unspecified,Middle (35-60)
GSM7067591,SKIN_AGE38_M_GR2_Gt093,Male,38,GSE226189_Discovery,Primary Skin Fibroblasts,RNA-seq (Illumina NovaSeq 6000),Unspecified,Middle (35-60)
GSM7067592,SKIN_AGE39_M_GR2_Gt126,Male,39,GSE226189_Discovery,Primary Skin Fibroblasts,RNA-seq (Illumina NovaSeq 6000),Unspecified,Middle (35-60)
GSM7067593,SKIN_AGE42_F_GR2_Gt059,Female,42,GSE226189_Discovery,Primary Skin Fibroblasts,RNA-seq (Illumina NovaSeq 6000),Unspecified,Middle (35-60)
GSM7067594,SKIN_AGE42_F_GR2_Gt145,Female,42,GSE226189_Discovery,Primary Skin Fibroblasts,RNA-seq (Illumina NovaSeq 6000),Unspecified,Middle (35-60)
GSM7067595,SKIN_AGE42_M_GR2_Gt024,Male,42,GSE226189_Discovery,Primary Skin Fibroblasts,RNA-seq (Illumina NovaSeq 6000),Unspecified,Middle (35-60)
GSM7067596,SKIN_AGE45_M_GR2_Gt017,Male,45,GSE226189_Discovery,Primary Skin Fibroblasts,RNA-seq (Illumina NovaSeq 6000),Unspecified,Middle (35-60)
GSM7067597,SKIN_AGE45_M_GR2_Gt030,Male,45,GSE226189_Discovery,Primary Skin Fibroblasts,RNA-seq (Illumina NovaSeq 6000),Unspecified,Middle (35-60)
GSM7067598,SKIN_AGE47_F_GR2_Gt078,Female,47,GSE226189_Discovery,Primary Skin Fibroblasts,RNA-seq (Illumina NovaSeq 6000),Unspecified,Middle (35-60)
GSM7067599,SKIN_AGE47_M_GR2_Gt060,Male,47,GSE226189_Discovery,Primary Skin Fibroblasts,RNA-seq (Illumina NovaSeq 6000),Unspecified,Middle (35-60)
GSM7067600,SKIN_AGE48_F_GR2_Gt133,Female,48,GSE226189_Discovery,Primary Skin Fibroblasts,RNA-seq (Illumina NovaSeq 6000),Unspecified,Middle (35-60)
GSM7067601,SKIN_AGE48_F_GR2_Gt149,Female,48,GSE226189_Discovery,Primary Skin Fibroblasts,RNA-seq (Illumina NovaSeq 6000),Unspecified,Middle (35-60)
GSM7067602,SKIN_AGE49_M_GR2_Gt128,Male,49,GSE226189_Discovery,Primary Skin Fibroblasts,RNA-seq (Illumina NovaSeq 6000),Unspecified,Middle (35-60)
GSM7067603,SKIN_AGE51_M_GR3_Gt015,Male,51,GSE226189_Discovery,Primary Skin Fibroblasts,RNA-seq (Illumina NovaSeq 6000),Unspecified,Middle (35-60)
GSM7067604,SKIN_AGE52_F_GR3_Gt027,Female,52,GSE226189_Discovery,Primary Skin Fibroblasts,RNA-seq (Illumina NovaSeq 6000),Unspecified,Middle (35-60)
GSM7067605,SKIN_AGE52_F_GR3_Gt063,Female,52,GSE226189_Discovery,Primary Skin Fibroblasts,RNA-seq (Illumina NovaSeq 6000),Unspecified,Middle (35-60)
GSM7067606,SKIN_AGE52_M_GR3_Gt007,Male,52,GSE226189_Discovery,Primary Skin Fibroblasts,RNA-seq (Illumina NovaSeq 6000),Unspecified,Middle (35-60)
GSM7067607,SKIN_AGE52_M_GR3_Gt056,Male,52,GSE226189_Discovery,Primary Skin Fibroblasts,RNA-seq (Illumina NovaSeq 6000),Unspecified,Middle (35-60)
GSM7067608,SKIN_AGE53_F_GR3_Gt146,Female,53,GSE226189_Discovery,Primary Skin Fibroblasts,RNA-seq (Illumina NovaSeq 6000),Unspecified,Middle (35-60)
GSM7067609,SKIN_AGE54_M_GR3_Gt057,Male,54,GSE226189_Discovery,Primary Skin Fibroblasts,RNA-seq (Illumina NovaSeq 6000),Unspecified,Middle (35-60)
GSM7067610,SKIN_AGE55_M_GR3_Gt136,Male,55,GSE226189_Discovery,Primary Skin Fibroblasts,RNA-seq (Illumina NovaSeq 6000),Unspecified,Middle (35-60)
GSM7067611,SKIN_AGE56_F_GR3_Gt120,Female,56,GSE226189_Discovery,Primary Skin Fibroblasts,RNA-seq (Illumina NovaSeq 6000),Unspecified,Middle (35-60)
GSM7067612,SKIN_AGE57_M_GR3_Gt004,Male,57,GSE226189_Discovery,Primary Skin Fibroblasts,RNA-seq (Illumina NovaSeq 6000),Unspecified,Middle (35-60)
GSM7067613,SKIN_AGE58_F_GR3_Gt011,Female,58,GSE226189_Discovery,Primary Skin Fibroblasts,RNA-seq (Illumina NovaSeq 6000),Unspecified,Middle (35-60)
GSM7067614,SKIN_AGE60_M_GR3_Gt013,Male,60,GSE226189_Discovery,Primary Skin Fibroblasts,RNA-seq (Illumina NovaSeq 6000),Unspecified,Middle (35-60)
GSM7067615,SKIN_AGE61_F_GR3_Gt003,Female,61,GSE226189_Discovery,Primary Skin Fibroblasts,RNA-seq (Illumina NovaSeq 6000),Unspecified,Old (>60)
GSM7067616,SKIN_AGE61_F_GR3_Gt102,Female,61,GSE226189_Discovery,Primary Skin Fibroblasts,RNA-seq (Illumina NovaSeq 6000),Unspecified,Old (>60)
GSM7067617,SKIN_AGE62_F_GR3_Gt070,Female,62,GSE226189_Discovery,Primary Skin Fibroblasts,RNA-seq (Illumina NovaSeq 6000),Unspecified,Old (>60)
GSM7067618,SKIN_AGE63_F_GR3_Gt101,Female,63,GSE226189_Discovery,Primary Skin Fibroblasts,RNA-seq (Illumina NovaSeq 6000),Unspecified,Old (>60)
GSM7067619,SKIN_AGE63_M_GR3_Gt092,Male,63,GSE226189_Discovery,Primary Skin Fibroblasts,RNA-seq (Illumina NovaSeq 6000),Unspecified,Old (>60)
GSM7067620,SKIN_AGE65_F_GR4_Gt033,Female,65,GSE226189_Discovery,Primary Skin Fibroblasts,RNA-seq (Illumina NovaSeq 6000),Unspecified,Old (>60)
GSM7067621,SKIN_AGE66_F_GR3_Gt156,Female,66,GSE226189_Discovery,Primary Skin Fibroblasts,RNA-seq (Illumina NovaSeq 6000),Unspecified,Old (>60)
GSM7067622,SKIN_AGE67_F_GR4_Gt080,Female,67,GSE226189_Discovery,Primary Skin Fibroblasts,RNA-seq (Illumina NovaSeq 6000),Unspecified,Old (>60)
GSM7067623,SKIN_AGE67_M_GR4_Gt002,Male,67,GSE226189_Discovery,Primary Skin Fibroblasts,RNA-seq (Illumina NovaSeq 6000),Unspecified,Old (>60)
GSM7067624,SKIN_AGE67_M_GR4_Gt039,Male,67,GSE226189_Discovery,Primary Skin Fibroblasts,RNA-seq (Illumina NovaSeq 6000),Unspecified,Old (>60)
GSM7067625,SKIN_AGE69_F_GR4_Gt095,Female,69,GSE226189_Discovery,Primary Skin Fibroblasts,RNA-seq (Illumina NovaSeq 6000),Unspecified,Old (>60)
GSM7067626,SKIN_AGE70_F_GR4_Gt089,Female,70,GSE226189_Discovery,Primary Skin Fibroblasts,RNA-seq (Illumina NovaSeq 6000),Unspecified,Old (>60)
GSM7067627,SKIN_AGE70_M_GR4_Gt061,Male,70,GSE226189_Discovery,Primary Skin Fibroblasts,RNA-seq (Illumina NovaSeq 6000),Unspecified,Old (>60)
GSM7067628,SKIN_AGE71_F_GR4_Gt138,Female,71,GSE226189_Discovery,Primary Skin Fibroblasts,RNA-seq (Illumina NovaSeq 6000),Unspecified,Old (>60)
GSM7067629,SKIN_AGE72_F_GR4_Gt071,Female,72,GSE226189_Discovery,Primary Skin Fibroblasts,RNA-seq (Illumina NovaSeq 6000),Unspecified,Old (>60)
GSM7067630,SKIN_AGE72_F_GR4_Gt109,Female,72,GSE226189_Discovery,Primary Skin Fibroblasts,RNA-seq (Illumina NovaSeq 6000),Unspecified,Old (>60)
GSM7067631,SKIN_AGE72_M_GR4_Gt014,Male,72,GSE226189_Discovery,Primary Skin Fibroblasts,RNA-seq (Illumina NovaSeq 6000),Unspecified,Old (>60)
GSM7067632,SKIN_AGE72_M_GR4_Gt065,Male,72,GSE226189_Discovery,Primary Skin Fibroblasts,RNA-seq (Illumina NovaSeq 6000),Unspecified,Old (>60)
GSM7067633,SKIN_AGE72_M_GR4_Gt084,Male,72,GSE226189_Discovery,Primary Skin Fibroblasts,RNA-seq (Illumina NovaSeq 6000),Unspecified,Old (>60)
GSM7067634,SKIN_AGE72_M_GR4_Gt114,Male,72,GSE226189_Discovery,Primary Skin Fibroblasts,RNA-seq (Illumina NovaSeq 6000),Unspecified,Old (>60)
GSM7067635,SKIN_AGE73_F_GR4_Gt018,Female,73,GSE226189_Discovery,Primary Skin Fibroblasts,RNA-seq (Illumina NovaSeq 6000),Unspecified,Old (>60)
GSM7067636,SKIN_AGE76_M_GR4_Gt115,Male,76,GSE226189_Discovery,Primary Skin Fibroblasts,RNA-seq (Illumina NovaSeq 6000),Unspecified,Old (>60)
GSM7067637,SKIN_AGE77_F_GR4_Gt113,Female,77,GSE226189_Discovery,Primary Skin Fibroblasts,RNA-seq (Illumina NovaSeq 6000),Unspecified,Old (>60)
GSM7067638,SKIN_AGE78_F_GR4_Gt035,Female,78,GSE226189_Discovery,Primary Skin Fibroblasts,RNA-seq (Illumina NovaSeq 6000),Unspecified,Old (>60)
GSM7067639,SKIN_AGE80_F_GR5_Gt032,Female,80,GSE226189_Discovery,Primary Skin Fibroblasts,RNA-seq (Illumina NovaSeq 6000),Unspecified,Old (>60)
GSM7067640,SKIN_AGE80_F_GR5_Gt083,Female,80,GSE226189_Discovery,Primary Skin Fibroblasts,RNA-seq (Illumina NovaSeq 6000),Unspecified,Old (>60)
GSM7067641,SKIN_AGE81_M_GR5_Gt029,Male,81,GSE226189_Discovery,Primary Skin Fibroblasts,RNA-seq (Illumina NovaSeq 6000),Unspecified,Old (>60)
GSM7067642,SKIN_AGE81_M_GR5_Gt108,Male,81,GSE226189_Discovery,Primary Skin Fibroblasts,RNA-seq (Illumina NovaSeq 6000),Unspecified,Old (>60)
GSM7067643,SKIN_AGE81_M_GR5_Gt110,Male,81,GSE226189_Discovery,Primary Skin Fibroblasts,RNA-seq (Illumina NovaSeq 6000),Unspecified,Old (>60)
GSM7067644,SKIN_AGE83_M_GR5_Gt026,Male,83,GSE226189_Discovery,Primary Skin Fibroblasts,RNA-seq (Illumina NovaSeq 6000),Unspecified,Old (>60)
GSM7067645,SKIN_AGE85_M_GR5_Gt125,Male,85,GSE226189_Discovery,Primary Skin Fibroblasts,RNA-seq (Illumina NovaSeq 6000),Unspecified,Old (>60)
GSM7067646,SKIN_AGE86_M_GR5_Gt111,Male,86,GSE226189_Discovery,Primary Skin Fibroblasts,RNA-seq (Illumina NovaSeq 6000),Unspecified,Old (>60)
GSM7067647,SKIN_AGE89_M_GR5_Gt132,Male,89,GSE226189_Discovery,Primary Skin Fibroblasts,RNA-seq (Illumina NovaSeq 6000),Unspecified,Old (>60)
